[
 {
  "hid":1,
  "sid":"c_code_MR100",
  "rsid":"c_code_MR100",
  "esid":"",
  "parent":0,
  "children":[
   2
  ],
  "name":"c_code_MR100",
  "fullname":"c_code_MR100",
  "label":"c_code_MR100",
  "className":"Simulink.BlockDiagram",
  "icon":"SimulinkModelIcon_icon",
  "svg":"",
  "thumbnail":"",
  "elements":[
  ],
  "sysViewURL":"",
  "sameAsElement":false
 },
 {
  "hid":2,
  "sid":"c_code_MR100:112",
  "rsid":"c_code_MR100:112",
  "esid":"c_code_MR100:112",
  "parent":1,
  "children":[
   3,
   4
  ],
  "name":"Subsystem",
  "fullname":"c_code_MR100/Subsystem",
  "label":"Subsystem",
  "className":"Simulink.SubSystem",
  "icon":"SubSystemIcon_icon",
  "svg":"support/slwebview_files/c_code_MR100_112_d.svg",
  "thumbnail":"support/slwebview_files/c_code_MR100_112_d.png",
  "elements":[
   {
    "sid":"c_code_MR100:113",
    "rsid":"c_code_MR100:113",
    "name":"In1",
    "label":"In1",
    "className":"Simulink.Inport",
    "icon":"BlockIcon_icon"
   },
   {
    "sid":"c_code_MR100:2",
    "rsid":"c_code_MR100:2",
    "name":"Demux",
    "label":"Demux",
    "className":"Simulink.Demux",
    "icon":"BlockIcon_icon"
   },
   {
    "sid":"c_code_MR100:3",
    "rsid":"c_code_MR100:3",
    "name":"Demux1",
    "label":"Demux1",
    "className":"Simulink.Demux",
    "icon":"BlockIcon_icon"
   },
   {
    "sid":"c_code_MR100:4",
    "rsid":"c_code_MR100:4",
    "name":"Gain45",
    "label":"Gain45",
    "className":"Simulink.Gain",
    "icon":"BlockIcon_icon"
   },
   {
    "sid":"c_code_MR100:5",
    "rsid":"c_code_MR100:5",
    "name":"Gain46",
    "label":"Gain46",
    "className":"Simulink.Gain",
    "icon":"BlockIcon_icon"
   },
   {
    "sid":"c_code_MR100:6",
    "rsid":"c_code_MR100:6",
    "name":"Gain47",
    "label":"Gain47",
    "className":"Simulink.Gain",
    "icon":"BlockIcon_icon"
   },
   {
    "sid":"c_code_MR100:7",
    "rsid":"c_code_MR100:7",
    "name":"Gain48",
    "label":"Gain48",
    "className":"Simulink.Gain",
    "icon":"BlockIcon_icon"
   },
   {
    "sid":"c_code_MR100:8",
    "rsid":"c_code_MR100:8",
    "name":"Gain49",
    "label":"Gain49",
    "className":"Simulink.Gain",
    "icon":"BlockIcon_icon"
   },
   {
    "sid":"c_code_MR100:9",
    "rsid":"c_code_MR100:9",
    "name":"Gain50",
    "label":"Gain50",
    "className":"Simulink.Gain",
    "icon":"BlockIcon_icon"
   },
   {
    "sid":"c_code_MR100:10",
    "rsid":"c_code_MR100:10",
    "name":"Gain51",
    "label":"Gain51",
    "className":"Simulink.Gain",
    "icon":"BlockIcon_icon"
   },
   {
    "sid":"c_code_MR100:11",
    "rsid":"c_code_MR100:11",
    "name":"Gain52",
    "label":"Gain52",
    "className":"Simulink.Gain",
    "icon":"BlockIcon_icon"
   },
   {
    "sid":"c_code_MR100:12",
    "rsid":"c_code_MR100:12",
    "name":"Gain53",
    "label":"Gain53",
    "className":"Simulink.Gain",
    "icon":"BlockIcon_icon"
   },
   {
    "sid":"c_code_MR100:13",
    "rsid":"c_code_MR100:13",
    "name":"Gain54",
    "label":"Gain54",
    "className":"Simulink.Gain",
    "icon":"BlockIcon_icon"
   },
   {
    "sid":"c_code_MR100:14",
    "rsid":"c_code_MR100:14",
    "name":"Gain55",
    "label":"Gain55",
    "className":"Simulink.Gain",
    "icon":"BlockIcon_icon"
   },
   {
    "sid":"c_code_MR100:15",
    "rsid":"c_code_MR100:15",
    "name":"Gain56",
    "label":"Gain56",
    "className":"Simulink.Gain",
    "icon":"BlockIcon_icon"
   },
   {
    "sid":"c_code_MR100:16",
    "rsid":"c_code_MR100:16",
    "name":"If Action\nSubsystem2",
    "label":"If Action Subsystem2",
    "className":"Simulink.SubSystem",
    "icon":"SubSystemIcon_icon"
   },
   {
    "sid":"c_code_MR100:60",
    "rsid":"c_code_MR100:60",
    "name":"If Action\nSubsystem3",
    "label":"If Action Subsystem3",
    "className":"Simulink.SubSystem",
    "icon":"SubSystemIcon_icon"
   },
   {
    "sid":"c_code_MR100:96",
    "rsid":"c_code_MR100:96",
    "name":"If1",
    "label":"If1",
    "className":"Simulink.If",
    "icon":"BlockIcon_icon"
   },
   {
    "sid":"c_code_MR100:97",
    "rsid":"c_code_MR100:97",
    "name":"L1",
    "label":"L1",
    "className":"Simulink.Merge",
    "icon":"BlockIcon_icon"
   },
   {
    "sid":"c_code_MR100:98",
    "rsid":"c_code_MR100:98",
    "name":"R1",
    "label":"R1",
    "className":"Simulink.Merge",
    "icon":"BlockIcon_icon"
   },
   {
    "sid":"c_code_MR100:99",
    "rsid":"c_code_MR100:99",
    "name":"Rate Transition2",
    "label":"Rate Transition2",
    "className":"Simulink.RateTransition",
    "icon":"BlockIcon_icon"
   },
   {
    "sid":"c_code_MR100:114",
    "rsid":"c_code_MR100:114",
    "name":"Out1",
    "label":"Out1",
    "className":"Simulink.Outport",
    "icon":"BlockIcon_icon"
   },
   {
    "sid":"c_code_MR100:115",
    "rsid":"c_code_MR100:115",
    "name":"Out2",
    "label":"Out2",
    "className":"Simulink.Outport",
    "icon":"BlockIcon_icon"
   },
   {
    "sid":"c_code_MR100:116",
    "rsid":"c_code_MR100:116",
    "name":"Out3",
    "label":"Out3",
    "className":"Simulink.Outport",
    "icon":"BlockIcon_icon"
   },
   {
    "sid":"c_code_MR100:117",
    "rsid":"c_code_MR100:117",
    "name":"Out4",
    "label":"Out4",
    "className":"Simulink.Outport",
    "icon":"BlockIcon_icon"
   },
   {
    "sid":"c_code_MR100:118",
    "rsid":"c_code_MR100:118",
    "name":"Out5",
    "label":"Out5",
    "className":"Simulink.Outport",
    "icon":"BlockIcon_icon"
   },
   {
    "sid":"c_code_MR100:119",
    "rsid":"c_code_MR100:119",
    "name":"Out6",
    "label":"Out6",
    "className":"Simulink.Outport",
    "icon":"BlockIcon_icon"
   },
   {
    "sid":"c_code_MR100:120",
    "rsid":"c_code_MR100:120",
    "name":"Out7",
    "label":"Out7",
    "className":"Simulink.Outport",
    "icon":"BlockIcon_icon"
   },
   {
    "sid":"c_code_MR100:121",
    "rsid":"c_code_MR100:121",
    "name":"Out8",
    "label":"Out8",
    "className":"Simulink.Outport",
    "icon":"BlockIcon_icon"
   },
   {
    "sid":"c_code_MR100:122",
    "rsid":"c_code_MR100:122",
    "name":"Out9",
    "label":"Out9",
    "className":"Simulink.Outport",
    "icon":"BlockIcon_icon"
   },
   {
    "sid":"c_code_MR100:123",
    "rsid":"c_code_MR100:123",
    "name":"Out10",
    "label":"Out10",
    "className":"Simulink.Outport",
    "icon":"BlockIcon_icon"
   },
   {
    "sid":"c_code_MR100:124",
    "rsid":"c_code_MR100:124",
    "name":"Out11",
    "label":"Out11",
    "className":"Simulink.Outport",
    "icon":"BlockIcon_icon"
   },
   {
    "sid":"c_code_MR100:125",
    "rsid":"c_code_MR100:125",
    "name":"Out12",
    "label":"Out12",
    "className":"Simulink.Outport",
    "icon":"BlockIcon_icon"
   },
   {
    "sid":"c_code_MR100:2#out:1;line",
    "rsid":"c_code_MR100:2#out:1;line",
    "name":"",
    "label":"",
    "className":"Simulink.Line",
    "icon":"LineIcon_icon"
   },
   {
    "sid":"c_code_MR100:3#out:2;line",
    "rsid":"c_code_MR100:3#out:2;line",
    "name":"",
    "label":"",
    "className":"Simulink.Line",
    "icon":"LineIcon_icon"
   },
   {
    "sid":"c_code_MR100:16#out:2;line",
    "rsid":"c_code_MR100:16#out:2;line",
    "name":"",
    "label":"",
    "className":"Simulink.Line",
    "icon":"LineIcon_icon"
   },
   {
    "sid":"c_code_MR100:11#out:1;line",
    "rsid":"c_code_MR100:11#out:1;line",
    "name":"",
    "label":"",
    "className":"Simulink.Line",
    "icon":"LineIcon_icon"
   },
   {
    "sid":"c_code_MR100:2#out:4;line",
    "rsid":"c_code_MR100:2#out:4;line",
    "name":"",
    "label":"",
    "className":"Simulink.Line",
    "icon":"LineIcon_icon"
   },
   {
    "sid":"c_code_MR100:2#out:6;line",
    "rsid":"c_code_MR100:2#out:6;line",
    "name":"",
    "label":"",
    "className":"Simulink.Line",
    "icon":"LineIcon_icon"
   },
   {
    "sid":"c_code_MR100:2#out:5;line",
    "rsid":"c_code_MR100:2#out:5;line",
    "name":"",
    "label":"",
    "className":"Simulink.Line",
    "icon":"LineIcon_icon"
   },
   {
    "sid":"c_code_MR100:113#out:1;line",
    "rsid":"c_code_MR100:113#out:1;line",
    "name":"",
    "label":"",
    "className":"Simulink.Line",
    "icon":"LineIcon_icon"
   },
   {
    "sid":"c_code_MR100:60#out:2;line",
    "rsid":"c_code_MR100:60#out:2;line",
    "name":"",
    "label":"",
    "className":"Simulink.Line",
    "icon":"LineIcon_icon"
   },
   {
    "sid":"c_code_MR100:99#out:1;line",
    "rsid":"c_code_MR100:99#out:1;line",
    "name":"",
    "label":"",
    "className":"Simulink.Line",
    "icon":"LineIcon_icon"
   },
   {
    "sid":"c_code_MR100:2#out:2;line",
    "rsid":"c_code_MR100:2#out:2;line",
    "name":"",
    "label":"",
    "className":"Simulink.Line",
    "icon":"LineIcon_icon"
   },
   {
    "sid":"c_code_MR100:16#out:1;line",
    "rsid":"c_code_MR100:16#out:1;line",
    "name":"",
    "label":"",
    "className":"Simulink.Line",
    "icon":"LineIcon_icon"
   },
   {
    "sid":"c_code_MR100:2#out:3;line",
    "rsid":"c_code_MR100:2#out:3;line",
    "name":"",
    "label":"",
    "className":"Simulink.Line",
    "icon":"LineIcon_icon"
   },
   {
    "sid":"c_code_MR100:5#out:1;line",
    "rsid":"c_code_MR100:5#out:1;line",
    "name":"",
    "label":"",
    "className":"Simulink.Line",
    "icon":"LineIcon_icon"
   },
   {
    "sid":"c_code_MR100:3#out:3;line",
    "rsid":"c_code_MR100:3#out:3;line",
    "name":"",
    "label":"",
    "className":"Simulink.Line",
    "icon":"LineIcon_icon"
   },
   {
    "sid":"c_code_MR100:3#out:4;line",
    "rsid":"c_code_MR100:3#out:4;line",
    "name":"",
    "label":"",
    "className":"Simulink.Line",
    "icon":"LineIcon_icon"
   },
   {
    "sid":"c_code_MR100:97#out:1;line",
    "rsid":"c_code_MR100:97#out:1;line",
    "name":"l",
    "label":"l",
    "className":"Simulink.Line",
    "icon":"LineIcon_icon"
   },
   {
    "sid":"c_code_MR100:96#out:1;line",
    "rsid":"c_code_MR100:96#out:1;line",
    "name":"",
    "label":"",
    "className":"Simulink.Line",
    "icon":"LineIcon_icon"
   },
   {
    "sid":"c_code_MR100:3#out:1;line",
    "rsid":"c_code_MR100:3#out:1;line",
    "name":"",
    "label":"",
    "className":"Simulink.Line",
    "icon":"LineIcon_icon"
   },
   {
    "sid":"c_code_MR100:9#out:1;line",
    "rsid":"c_code_MR100:9#out:1;line",
    "name":"",
    "label":"",
    "className":"Simulink.Line",
    "icon":"LineIcon_icon"
   },
   {
    "sid":"c_code_MR100:3#out:5;line",
    "rsid":"c_code_MR100:3#out:5;line",
    "name":"",
    "label":"",
    "className":"Simulink.Line",
    "icon":"LineIcon_icon"
   },
   {
    "sid":"c_code_MR100:7#out:1;line",
    "rsid":"c_code_MR100:7#out:1;line",
    "name":"",
    "label":"",
    "className":"Simulink.Line",
    "icon":"LineIcon_icon"
   },
   {
    "sid":"c_code_MR100:3#out:6;line",
    "rsid":"c_code_MR100:3#out:6;line",
    "name":"",
    "label":"",
    "className":"Simulink.Line",
    "icon":"LineIcon_icon"
   },
   {
    "sid":"c_code_MR100:98#out:1;line",
    "rsid":"c_code_MR100:98#out:1;line",
    "name":"r",
    "label":"r",
    "className":"Simulink.Line",
    "icon":"LineIcon_icon"
   },
   {
    "sid":"c_code_MR100:14#out:1;line",
    "rsid":"c_code_MR100:14#out:1;line",
    "name":"",
    "label":"",
    "className":"Simulink.Line",
    "icon":"LineIcon_icon"
   },
   {
    "sid":"c_code_MR100:96#out:2;line",
    "rsid":"c_code_MR100:96#out:2;line",
    "name":"",
    "label":"",
    "className":"Simulink.Line",
    "icon":"LineIcon_icon"
   },
   {
    "sid":"c_code_MR100:13#out:1;line",
    "rsid":"c_code_MR100:13#out:1;line",
    "name":"",
    "label":"",
    "className":"Simulink.Line",
    "icon":"LineIcon_icon"
   },
   {
    "sid":"c_code_MR100:60#out:1;line",
    "rsid":"c_code_MR100:60#out:1;line",
    "name":"",
    "label":"",
    "className":"Simulink.Line",
    "icon":"LineIcon_icon"
   },
   {
    "sid":"c_code_MR100:15#out:1;line",
    "rsid":"c_code_MR100:15#out:1;line",
    "name":"",
    "label":"",
    "className":"Simulink.Line",
    "icon":"LineIcon_icon"
   },
   {
    "sid":"c_code_MR100:10#out:1;line",
    "rsid":"c_code_MR100:10#out:1;line",
    "name":"",
    "label":"",
    "className":"Simulink.Line",
    "icon":"LineIcon_icon"
   },
   {
    "sid":"c_code_MR100:12#out:1;line",
    "rsid":"c_code_MR100:12#out:1;line",
    "name":"",
    "label":"",
    "className":"Simulink.Line",
    "icon":"LineIcon_icon"
   },
   {
    "sid":"c_code_MR100:6#out:1;line",
    "rsid":"c_code_MR100:6#out:1;line",
    "name":"",
    "label":"",
    "className":"Simulink.Line",
    "icon":"LineIcon_icon"
   },
   {
    "sid":"c_code_MR100:8#out:1;line",
    "rsid":"c_code_MR100:8#out:1;line",
    "name":"",
    "label":"",
    "className":"Simulink.Line",
    "icon":"LineIcon_icon"
   },
   {
    "sid":"c_code_MR100:4#out:1;line",
    "rsid":"c_code_MR100:4#out:1;line",
    "name":"",
    "label":"",
    "className":"Simulink.Line",
    "icon":"LineIcon_icon"
   }
  ],
  "sysViewURL":"support/slwebview_files/c_code_MR100_112_d.json",
  "sameAsElement":false
 },
 {
  "hid":3,
  "sid":"c_code_MR100:16",
  "rsid":"c_code_MR100:16",
  "esid":"c_code_MR100:16",
  "parent":2,
  "children":[
  ],
  "name":"If Action\nSubsystem2",
  "fullname":"c_code_MR100/Subsystem/If Action Subsystem2",
  "label":"If Action Subsystem2",
  "className":"Simulink.SubSystem",
  "icon":"SubSystemIcon_icon",
  "svg":"support/slwebview_files/c_code_MR100_16_d.svg",
  "thumbnail":"support/slwebview_files/c_code_MR100_16_d.png",
  "elements":[
   {
    "sid":"c_code_MR100:17",
    "rsid":"c_code_MR100:17",
    "name":"time",
    "label":"time",
    "className":"Simulink.Inport",
    "icon":"BlockIcon_icon"
   },
   {
    "sid":"c_code_MR100:18",
    "rsid":"c_code_MR100:18",
    "name":"Action Port",
    "label":"Action Port",
    "className":"Simulink.ActionPort",
    "icon":"BlockIcon_icon"
   },
   {
    "sid":"c_code_MR100:23",
    "rsid":"c_code_MR100:23",
    "name":"Constant4",
    "label":"Constant4",
    "className":"Simulink.Constant",
    "icon":"BlockIcon_icon"
   },
   {
    "sid":"c_code_MR100:25",
    "rsid":"c_code_MR100:25",
    "name":"Constant6",
    "label":"Constant6",
    "className":"Simulink.Constant",
    "icon":"BlockIcon_icon"
   },
   {
    "sid":"c_code_MR100:138",
    "rsid":"c_code_MR100:138",
    "name":"Data Type Conversion1",
    "label":"Data Type Conversion1",
    "className":"Simulink.DataTypeConversion",
    "icon":"BlockIcon_icon"
   },
   {
    "sid":"c_code_MR100:147",
    "rsid":"c_code_MR100:147",
    "name":"Data Type Conversion10",
    "label":"Data Type Conversion10",
    "className":"Simulink.DataTypeConversion",
    "icon":"BlockIcon_icon"
   },
   {
    "sid":"c_code_MR100:148",
    "rsid":"c_code_MR100:148",
    "name":"Data Type Conversion11",
    "label":"Data Type Conversion11",
    "className":"Simulink.DataTypeConversion",
    "icon":"BlockIcon_icon"
   },
   {
    "sid":"c_code_MR100:149",
    "rsid":"c_code_MR100:149",
    "name":"Data Type Conversion12",
    "label":"Data Type Conversion12",
    "className":"Simulink.DataTypeConversion",
    "icon":"BlockIcon_icon"
   },
   {
    "sid":"c_code_MR100:139",
    "rsid":"c_code_MR100:139",
    "name":"Data Type Conversion2",
    "label":"Data Type Conversion2",
    "className":"Simulink.DataTypeConversion",
    "icon":"BlockIcon_icon"
   },
   {
    "sid":"c_code_MR100:140",
    "rsid":"c_code_MR100:140",
    "name":"Data Type Conversion3",
    "label":"Data Type Conversion3",
    "className":"Simulink.DataTypeConversion",
    "icon":"BlockIcon_icon"
   },
   {
    "sid":"c_code_MR100:141",
    "rsid":"c_code_MR100:141",
    "name":"Data Type Conversion4",
    "label":"Data Type Conversion4",
    "className":"Simulink.DataTypeConversion",
    "icon":"BlockIcon_icon"
   },
   {
    "sid":"c_code_MR100:142",
    "rsid":"c_code_MR100:142",
    "name":"Data Type Conversion5",
    "label":"Data Type Conversion5",
    "className":"Simulink.DataTypeConversion",
    "icon":"BlockIcon_icon"
   },
   {
    "sid":"c_code_MR100:143",
    "rsid":"c_code_MR100:143",
    "name":"Data Type Conversion6",
    "label":"Data Type Conversion6",
    "className":"Simulink.DataTypeConversion",
    "icon":"BlockIcon_icon"
   },
   {
    "sid":"c_code_MR100:144",
    "rsid":"c_code_MR100:144",
    "name":"Data Type Conversion7",
    "label":"Data Type Conversion7",
    "className":"Simulink.DataTypeConversion",
    "icon":"BlockIcon_icon"
   },
   {
    "sid":"c_code_MR100:145",
    "rsid":"c_code_MR100:145",
    "name":"Data Type Conversion8",
    "label":"Data Type Conversion8",
    "className":"Simulink.DataTypeConversion",
    "icon":"BlockIcon_icon"
   },
   {
    "sid":"c_code_MR100:146",
    "rsid":"c_code_MR100:146",
    "name":"Data Type Conversion9",
    "label":"Data Type Conversion9",
    "className":"Simulink.DataTypeConversion",
    "icon":"BlockIcon_icon"
   },
   {
    "sid":"c_code_MR100:36",
    "rsid":"c_code_MR100:36",
    "name":"Gain1",
    "label":"Gain1",
    "className":"Simulink.Gain",
    "icon":"BlockIcon_icon"
   },
   {
    "sid":"c_code_MR100:37",
    "rsid":"c_code_MR100:37",
    "name":"Gain14",
    "label":"Gain14",
    "className":"Simulink.Gain",
    "icon":"BlockIcon_icon"
   },
   {
    "sid":"c_code_MR100:38",
    "rsid":"c_code_MR100:38",
    "name":"Gain2",
    "label":"Gain2",
    "className":"Simulink.Gain",
    "icon":"BlockIcon_icon"
   },
   {
    "sid":"c_code_MR100:39",
    "rsid":"c_code_MR100:39",
    "name":"Gain3",
    "label":"Gain3",
    "className":"Simulink.Gain",
    "icon":"BlockIcon_icon"
   },
   {
    "sid":"c_code_MR100:40",
    "rsid":"c_code_MR100:40",
    "name":"Gain4",
    "label":"Gain4",
    "className":"Simulink.Gain",
    "icon":"BlockIcon_icon"
   },
   {
    "sid":"c_code_MR100:41",
    "rsid":"c_code_MR100:41",
    "name":"Gain40",
    "label":"Gain40",
    "className":"Simulink.Gain",
    "icon":"BlockIcon_icon"
   },
   {
    "sid":"c_code_MR100:42",
    "rsid":"c_code_MR100:42",
    "name":"Gain41",
    "label":"Gain41",
    "className":"Simulink.Gain",
    "icon":"BlockIcon_icon"
   },
   {
    "sid":"c_code_MR100:43",
    "rsid":"c_code_MR100:43",
    "name":"Gain42",
    "label":"Gain42",
    "className":"Simulink.Gain",
    "icon":"BlockIcon_icon"
   },
   {
    "sid":"c_code_MR100:44",
    "rsid":"c_code_MR100:44",
    "name":"Gain43",
    "label":"Gain43",
    "className":"Simulink.Gain",
    "icon":"BlockIcon_icon"
   },
   {
    "sid":"c_code_MR100:45",
    "rsid":"c_code_MR100:45",
    "name":"Gain44",
    "label":"Gain44",
    "className":"Simulink.Gain",
    "icon":"BlockIcon_icon"
   },
   {
    "sid":"c_code_MR100:46",
    "rsid":"c_code_MR100:46",
    "name":"Gain5",
    "label":"Gain5",
    "className":"Simulink.Gain",
    "icon":"BlockIcon_icon"
   },
   {
    "sid":"c_code_MR100:26",
    "rsid":"c_code_MR100:26",
    "name":"Lookup_Table1",
    "label":"Lookup_Table1",
    "className":"Simulink.LookupNDDirect",
    "icon":"BlockIcon_icon"
   },
   {
    "sid":"c_code_MR100:35",
    "rsid":"c_code_MR100:35",
    "name":"Lookup_Table10",
    "label":"Lookup_Table10",
    "className":"Simulink.LookupNDDirect",
    "icon":"BlockIcon_icon"
   },
   {
    "sid":"c_code_MR100:27",
    "rsid":"c_code_MR100:27",
    "name":"Lookup_Table2",
    "label":"Lookup_Table2",
    "className":"Simulink.LookupNDDirect",
    "icon":"BlockIcon_icon"
   },
   {
    "sid":"c_code_MR100:28",
    "rsid":"c_code_MR100:28",
    "name":"Lookup_Table3",
    "label":"Lookup_Table3",
    "className":"Simulink.LookupNDDirect",
    "icon":"BlockIcon_icon"
   },
   {
    "sid":"c_code_MR100:29",
    "rsid":"c_code_MR100:29",
    "name":"Lookup_Table4",
    "label":"Lookup_Table4",
    "className":"Simulink.LookupNDDirect",
    "icon":"BlockIcon_icon"
   },
   {
    "sid":"c_code_MR100:30",
    "rsid":"c_code_MR100:30",
    "name":"Lookup_Table5",
    "label":"Lookup_Table5",
    "className":"Simulink.LookupNDDirect",
    "icon":"BlockIcon_icon"
   },
   {
    "sid":"c_code_MR100:31",
    "rsid":"c_code_MR100:31",
    "name":"Lookup_Table6",
    "label":"Lookup_Table6",
    "className":"Simulink.LookupNDDirect",
    "icon":"BlockIcon_icon"
   },
   {
    "sid":"c_code_MR100:32",
    "rsid":"c_code_MR100:32",
    "name":"Lookup_Table7",
    "label":"Lookup_Table7",
    "className":"Simulink.LookupNDDirect",
    "icon":"BlockIcon_icon"
   },
   {
    "sid":"c_code_MR100:33",
    "rsid":"c_code_MR100:33",
    "name":"Lookup_Table8",
    "label":"Lookup_Table8",
    "className":"Simulink.LookupNDDirect",
    "icon":"BlockIcon_icon"
   },
   {
    "sid":"c_code_MR100:34",
    "rsid":"c_code_MR100:34",
    "name":"Lookup_Table9",
    "label":"Lookup_Table9",
    "className":"Simulink.LookupNDDirect",
    "icon":"BlockIcon_icon"
   },
   {
    "sid":"c_code_MR100:53",
    "rsid":"c_code_MR100:53",
    "name":"Mux3",
    "label":"Mux3",
    "className":"Simulink.Mux",
    "icon":"BlockIcon_icon"
   },
   {
    "sid":"c_code_MR100:54",
    "rsid":"c_code_MR100:54",
    "name":"Mux4",
    "label":"Mux4",
    "className":"Simulink.Mux",
    "icon":"BlockIcon_icon"
   },
   {
    "sid":"c_code_MR100:58",
    "rsid":"c_code_MR100:58",
    "name":"L_foot_joint1",
    "label":"L_foot_joint1",
    "className":"Simulink.Outport",
    "icon":"BlockIcon_icon"
   },
   {
    "sid":"c_code_MR100:59",
    "rsid":"c_code_MR100:59",
    "name":"R_foot_joint1",
    "label":"R_foot_joint1",
    "className":"Simulink.Outport",
    "icon":"BlockIcon_icon"
   },
   {
    "sid":"c_code_MR100:23#out:1;line",
    "rsid":"c_code_MR100:23#out:1;line",
    "name":"",
    "label":"",
    "className":"Simulink.Line",
    "icon":"LineIcon_icon"
   },
   {
    "sid":"c_code_MR100:29#out:1;line",
    "rsid":"c_code_MR100:29#out:1;line",
    "name":"",
    "label":"",
    "className":"Simulink.Line",
    "icon":"LineIcon_icon"
   },
   {
    "sid":"c_code_MR100:28#out:1;line",
    "rsid":"c_code_MR100:28#out:1;line",
    "name":"",
    "label":"",
    "className":"Simulink.Line",
    "icon":"LineIcon_icon"
   },
   {
    "sid":"c_code_MR100:30#out:1;line",
    "rsid":"c_code_MR100:30#out:1;line",
    "name":"",
    "label":"",
    "className":"Simulink.Line",
    "icon":"LineIcon_icon"
   },
   {
    "sid":"c_code_MR100:26#out:1;line",
    "rsid":"c_code_MR100:26#out:1;line",
    "name":"",
    "label":"",
    "className":"Simulink.Line",
    "icon":"LineIcon_icon"
   },
   {
    "sid":"c_code_MR100:17#out:1;line",
    "rsid":"c_code_MR100:17#out:1;line",
    "name":"",
    "label":"",
    "className":"Simulink.Line",
    "icon":"LineIcon_icon"
   },
   {
    "sid":"c_code_MR100:27#out:1;line",
    "rsid":"c_code_MR100:27#out:1;line",
    "name":"",
    "label":"",
    "className":"Simulink.Line",
    "icon":"LineIcon_icon"
   },
   {
    "sid":"c_code_MR100:53#out:1;line",
    "rsid":"c_code_MR100:53#out:1;line",
    "name":"",
    "label":"",
    "className":"Simulink.Line",
    "icon":"LineIcon_icon"
   },
   {
    "sid":"c_code_MR100:44#out:1;line",
    "rsid":"c_code_MR100:44#out:1;line",
    "name":"",
    "label":"",
    "className":"Simulink.Line",
    "icon":"LineIcon_icon"
   },
   {
    "sid":"c_code_MR100:43#out:1;line",
    "rsid":"c_code_MR100:43#out:1;line",
    "name":"",
    "label":"",
    "className":"Simulink.Line",
    "icon":"LineIcon_icon"
   },
   {
    "sid":"c_code_MR100:45#out:1;line",
    "rsid":"c_code_MR100:45#out:1;line",
    "name":"",
    "label":"",
    "className":"Simulink.Line",
    "icon":"LineIcon_icon"
   },
   {
    "sid":"c_code_MR100:42#out:1;line",
    "rsid":"c_code_MR100:42#out:1;line",
    "name":"",
    "label":"",
    "className":"Simulink.Line",
    "icon":"LineIcon_icon"
   },
   {
    "sid":"c_code_MR100:41#out:1;line",
    "rsid":"c_code_MR100:41#out:1;line",
    "name":"",
    "label":"",
    "className":"Simulink.Line",
    "icon":"LineIcon_icon"
   },
   {
    "sid":"c_code_MR100:36#out:1;line",
    "rsid":"c_code_MR100:36#out:1;line",
    "name":"",
    "label":"",
    "className":"Simulink.Line",
    "icon":"LineIcon_icon"
   },
   {
    "sid":"c_code_MR100:38#out:1;line",
    "rsid":"c_code_MR100:38#out:1;line",
    "name":"",
    "label":"",
    "className":"Simulink.Line",
    "icon":"LineIcon_icon"
   },
   {
    "sid":"c_code_MR100:32#out:1;line",
    "rsid":"c_code_MR100:32#out:1;line",
    "name":"",
    "label":"",
    "className":"Simulink.Line",
    "icon":"LineIcon_icon"
   },
   {
    "sid":"c_code_MR100:46#out:1;line",
    "rsid":"c_code_MR100:46#out:1;line",
    "name":"",
    "label":"",
    "className":"Simulink.Line",
    "icon":"LineIcon_icon"
   },
   {
    "sid":"c_code_MR100:34#out:1;line",
    "rsid":"c_code_MR100:34#out:1;line",
    "name":"",
    "label":"",
    "className":"Simulink.Line",
    "icon":"LineIcon_icon"
   },
   {
    "sid":"c_code_MR100:31#out:1;line",
    "rsid":"c_code_MR100:31#out:1;line",
    "name":"",
    "label":"",
    "className":"Simulink.Line",
    "icon":"LineIcon_icon"
   },
   {
    "sid":"c_code_MR100:35#out:1;line",
    "rsid":"c_code_MR100:35#out:1;line",
    "name":"",
    "label":"",
    "className":"Simulink.Line",
    "icon":"LineIcon_icon"
   },
   {
    "sid":"c_code_MR100:33#out:1;line",
    "rsid":"c_code_MR100:33#out:1;line",
    "name":"",
    "label":"",
    "className":"Simulink.Line",
    "icon":"LineIcon_icon"
   },
   {
    "sid":"c_code_MR100:39#out:1;line",
    "rsid":"c_code_MR100:39#out:1;line",
    "name":"",
    "label":"",
    "className":"Simulink.Line",
    "icon":"LineIcon_icon"
   },
   {
    "sid":"c_code_MR100:40#out:1;line",
    "rsid":"c_code_MR100:40#out:1;line",
    "name":"",
    "label":"",
    "className":"Simulink.Line",
    "icon":"LineIcon_icon"
   },
   {
    "sid":"c_code_MR100:54#out:1;line",
    "rsid":"c_code_MR100:54#out:1;line",
    "name":"",
    "label":"",
    "className":"Simulink.Line",
    "icon":"LineIcon_icon"
   },
   {
    "sid":"c_code_MR100:37#out:1;line",
    "rsid":"c_code_MR100:37#out:1;line",
    "name":"",
    "label":"",
    "className":"Simulink.Line",
    "icon":"LineIcon_icon"
   },
   {
    "sid":"c_code_MR100:25#out:1;line",
    "rsid":"c_code_MR100:25#out:1;line",
    "name":"",
    "label":"",
    "className":"Simulink.Line",
    "icon":"LineIcon_icon"
   },
   {
    "sid":"c_code_MR100:138#out:1;line",
    "rsid":"c_code_MR100:138#out:1;line",
    "name":"",
    "label":"",
    "className":"Simulink.Line",
    "icon":"LineIcon_icon"
   },
   {
    "sid":"c_code_MR100:139#out:1;line",
    "rsid":"c_code_MR100:139#out:1;line",
    "name":"",
    "label":"",
    "className":"Simulink.Line",
    "icon":"LineIcon_icon"
   },
   {
    "sid":"c_code_MR100:140#out:1;line",
    "rsid":"c_code_MR100:140#out:1;line",
    "name":"",
    "label":"",
    "className":"Simulink.Line",
    "icon":"LineIcon_icon"
   },
   {
    "sid":"c_code_MR100:141#out:1;line",
    "rsid":"c_code_MR100:141#out:1;line",
    "name":"",
    "label":"",
    "className":"Simulink.Line",
    "icon":"LineIcon_icon"
   },
   {
    "sid":"c_code_MR100:142#out:1;line",
    "rsid":"c_code_MR100:142#out:1;line",
    "name":"",
    "label":"",
    "className":"Simulink.Line",
    "icon":"LineIcon_icon"
   },
   {
    "sid":"c_code_MR100:143#out:1;line",
    "rsid":"c_code_MR100:143#out:1;line",
    "name":"",
    "label":"",
    "className":"Simulink.Line",
    "icon":"LineIcon_icon"
   },
   {
    "sid":"c_code_MR100:144#out:1;line",
    "rsid":"c_code_MR100:144#out:1;line",
    "name":"",
    "label":"",
    "className":"Simulink.Line",
    "icon":"LineIcon_icon"
   },
   {
    "sid":"c_code_MR100:145#out:1;line",
    "rsid":"c_code_MR100:145#out:1;line",
    "name":"",
    "label":"",
    "className":"Simulink.Line",
    "icon":"LineIcon_icon"
   },
   {
    "sid":"c_code_MR100:146#out:1;line",
    "rsid":"c_code_MR100:146#out:1;line",
    "name":"",
    "label":"",
    "className":"Simulink.Line",
    "icon":"LineIcon_icon"
   },
   {
    "sid":"c_code_MR100:147#out:1;line",
    "rsid":"c_code_MR100:147#out:1;line",
    "name":"",
    "label":"",
    "className":"Simulink.Line",
    "icon":"LineIcon_icon"
   },
   {
    "sid":"c_code_MR100:148#out:1;line",
    "rsid":"c_code_MR100:148#out:1;line",
    "name":"",
    "label":"",
    "className":"Simulink.Line",
    "icon":"LineIcon_icon"
   },
   {
    "sid":"c_code_MR100:149#out:1;line",
    "rsid":"c_code_MR100:149#out:1;line",
    "name":"",
    "label":"",
    "className":"Simulink.Line",
    "icon":"LineIcon_icon"
   }
  ],
  "sysViewURL":"support/slwebview_files/c_code_MR100_16_d.json",
  "sameAsElement":false
 },
 {
  "hid":4,
  "sid":"c_code_MR100:60",
  "rsid":"c_code_MR100:60",
  "esid":"c_code_MR100:60",
  "parent":2,
  "children":[
  ],
  "name":"If Action\nSubsystem3",
  "fullname":"c_code_MR100/Subsystem/If Action Subsystem3",
  "label":"If Action Subsystem3",
  "className":"Simulink.SubSystem",
  "icon":"SubSystemIcon_icon",
  "svg":"support/slwebview_files/c_code_MR100_60_d.svg",
  "thumbnail":"support/slwebview_files/c_code_MR100_60_d.png",
  "elements":[
   {
    "sid":"c_code_MR100:61",
    "rsid":"c_code_MR100:61",
    "name":"time",
    "label":"time",
    "className":"Simulink.Inport",
    "icon":"BlockIcon_icon"
   },
   {
    "sid":"c_code_MR100:62",
    "rsid":"c_code_MR100:62",
    "name":"Action Port",
    "label":"Action Port",
    "className":"Simulink.ActionPort",
    "icon":"BlockIcon_icon"
   },
   {
    "sid":"c_code_MR100:63",
    "rsid":"c_code_MR100:63",
    "name":"Add1",
    "label":"Add1",
    "className":"Simulink.Sum",
    "icon":"BlockIcon_icon"
   },
   {
    "sid":"c_code_MR100:64",
    "rsid":"c_code_MR100:64",
    "name":"Constant1",
    "label":"Constant1",
    "className":"Simulink.Constant",
    "icon":"BlockIcon_icon"
   },
   {
    "sid":"c_code_MR100:65",
    "rsid":"c_code_MR100:65",
    "name":"Constant2",
    "label":"Constant2",
    "className":"Simulink.Constant",
    "icon":"BlockIcon_icon"
   },
   {
    "sid":"c_code_MR100:66",
    "rsid":"c_code_MR100:66",
    "name":"Constant3",
    "label":"Constant3",
    "className":"Simulink.Constant",
    "icon":"BlockIcon_icon"
   },
   {
    "sid":"c_code_MR100:67",
    "rsid":"c_code_MR100:67",
    "name":"Constant4",
    "label":"Constant4",
    "className":"Simulink.Constant",
    "icon":"BlockIcon_icon"
   },
   {
    "sid":"c_code_MR100:126",
    "rsid":"c_code_MR100:126",
    "name":"Data Type Conversion",
    "label":"Data Type Conversion",
    "className":"Simulink.DataTypeConversion",
    "icon":"BlockIcon_icon"
   },
   {
    "sid":"c_code_MR100:127",
    "rsid":"c_code_MR100:127",
    "name":"Data Type Conversion1",
    "label":"Data Type Conversion1",
    "className":"Simulink.DataTypeConversion",
    "icon":"BlockIcon_icon"
   },
   {
    "sid":"c_code_MR100:136",
    "rsid":"c_code_MR100:136",
    "name":"Data Type Conversion10",
    "label":"Data Type Conversion10",
    "className":"Simulink.DataTypeConversion",
    "icon":"BlockIcon_icon"
   },
   {
    "sid":"c_code_MR100:137",
    "rsid":"c_code_MR100:137",
    "name":"Data Type Conversion11",
    "label":"Data Type Conversion11",
    "className":"Simulink.DataTypeConversion",
    "icon":"BlockIcon_icon"
   },
   {
    "sid":"c_code_MR100:128",
    "rsid":"c_code_MR100:128",
    "name":"Data Type Conversion2",
    "label":"Data Type Conversion2",
    "className":"Simulink.DataTypeConversion",
    "icon":"BlockIcon_icon"
   },
   {
    "sid":"c_code_MR100:129",
    "rsid":"c_code_MR100:129",
    "name":"Data Type Conversion3",
    "label":"Data Type Conversion3",
    "className":"Simulink.DataTypeConversion",
    "icon":"BlockIcon_icon"
   },
   {
    "sid":"c_code_MR100:130",
    "rsid":"c_code_MR100:130",
    "name":"Data Type Conversion4",
    "label":"Data Type Conversion4",
    "className":"Simulink.DataTypeConversion",
    "icon":"BlockIcon_icon"
   },
   {
    "sid":"c_code_MR100:131",
    "rsid":"c_code_MR100:131",
    "name":"Data Type Conversion5",
    "label":"Data Type Conversion5",
    "className":"Simulink.DataTypeConversion",
    "icon":"BlockIcon_icon"
   },
   {
    "sid":"c_code_MR100:132",
    "rsid":"c_code_MR100:132",
    "name":"Data Type Conversion6",
    "label":"Data Type Conversion6",
    "className":"Simulink.DataTypeConversion",
    "icon":"BlockIcon_icon"
   },
   {
    "sid":"c_code_MR100:133",
    "rsid":"c_code_MR100:133",
    "name":"Data Type Conversion7",
    "label":"Data Type Conversion7",
    "className":"Simulink.DataTypeConversion",
    "icon":"BlockIcon_icon"
   },
   {
    "sid":"c_code_MR100:134",
    "rsid":"c_code_MR100:134",
    "name":"Data Type Conversion8",
    "label":"Data Type Conversion8",
    "className":"Simulink.DataTypeConversion",
    "icon":"BlockIcon_icon"
   },
   {
    "sid":"c_code_MR100:135",
    "rsid":"c_code_MR100:135",
    "name":"Data Type Conversion9",
    "label":"Data Type Conversion9",
    "className":"Simulink.DataTypeConversion",
    "icon":"BlockIcon_icon"
   },
   {
    "sid":"c_code_MR100:78",
    "rsid":"c_code_MR100:78",
    "name":"Gain",
    "label":"Gain",
    "className":"Simulink.Gain",
    "icon":"BlockIcon_icon"
   },
   {
    "sid":"c_code_MR100:79",
    "rsid":"c_code_MR100:79",
    "name":"Gain1",
    "label":"Gain1",
    "className":"Simulink.Gain",
    "icon":"BlockIcon_icon"
   },
   {
    "sid":"c_code_MR100:80",
    "rsid":"c_code_MR100:80",
    "name":"Gain2",
    "label":"Gain2",
    "className":"Simulink.Gain",
    "icon":"BlockIcon_icon"
   },
   {
    "sid":"c_code_MR100:81",
    "rsid":"c_code_MR100:81",
    "name":"Gain3",
    "label":"Gain3",
    "className":"Simulink.Gain",
    "icon":"BlockIcon_icon"
   },
   {
    "sid":"c_code_MR100:82",
    "rsid":"c_code_MR100:82",
    "name":"Gain4",
    "label":"Gain4",
    "className":"Simulink.Gain",
    "icon":"BlockIcon_icon"
   },
   {
    "sid":"c_code_MR100:83",
    "rsid":"c_code_MR100:83",
    "name":"Gain40",
    "label":"Gain40",
    "className":"Simulink.Gain",
    "icon":"BlockIcon_icon"
   },
   {
    "sid":"c_code_MR100:84",
    "rsid":"c_code_MR100:84",
    "name":"Gain41",
    "label":"Gain41",
    "className":"Simulink.Gain",
    "icon":"BlockIcon_icon"
   },
   {
    "sid":"c_code_MR100:85",
    "rsid":"c_code_MR100:85",
    "name":"Gain42",
    "label":"Gain42",
    "className":"Simulink.Gain",
    "icon":"BlockIcon_icon"
   },
   {
    "sid":"c_code_MR100:86",
    "rsid":"c_code_MR100:86",
    "name":"Gain43",
    "label":"Gain43",
    "className":"Simulink.Gain",
    "icon":"BlockIcon_icon"
   },
   {
    "sid":"c_code_MR100:87",
    "rsid":"c_code_MR100:87",
    "name":"Gain44",
    "label":"Gain44",
    "className":"Simulink.Gain",
    "icon":"BlockIcon_icon"
   },
   {
    "sid":"c_code_MR100:88",
    "rsid":"c_code_MR100:88",
    "name":"Gain5",
    "label":"Gain5",
    "className":"Simulink.Gain",
    "icon":"BlockIcon_icon"
   },
   {
    "sid":"c_code_MR100:89",
    "rsid":"c_code_MR100:89",
    "name":"Gain6",
    "label":"Gain6",
    "className":"Simulink.Gain",
    "icon":"BlockIcon_icon"
   },
   {
    "sid":"c_code_MR100:68",
    "rsid":"c_code_MR100:68",
    "name":"Lookup_Table_else1",
    "label":"Lookup_Table_else1",
    "className":"Simulink.LookupNDDirect",
    "icon":"BlockIcon_icon"
   },
   {
    "sid":"c_code_MR100:77",
    "rsid":"c_code_MR100:77",
    "name":"Lookup_Table_else10",
    "label":"Lookup_Table_else10",
    "className":"Simulink.LookupNDDirect",
    "icon":"BlockIcon_icon"
   },
   {
    "sid":"c_code_MR100:69",
    "rsid":"c_code_MR100:69",
    "name":"Lookup_Table_else2",
    "label":"Lookup_Table_else2",
    "className":"Simulink.LookupNDDirect",
    "icon":"BlockIcon_icon"
   },
   {
    "sid":"c_code_MR100:70",
    "rsid":"c_code_MR100:70",
    "name":"Lookup_Table_else3",
    "label":"Lookup_Table_else3",
    "className":"Simulink.LookupNDDirect",
    "icon":"BlockIcon_icon"
   },
   {
    "sid":"c_code_MR100:71",
    "rsid":"c_code_MR100:71",
    "name":"Lookup_Table_else4",
    "label":"Lookup_Table_else4",
    "className":"Simulink.LookupNDDirect",
    "icon":"BlockIcon_icon"
   },
   {
    "sid":"c_code_MR100:72",
    "rsid":"c_code_MR100:72",
    "name":"Lookup_Table_else5",
    "label":"Lookup_Table_else5",
    "className":"Simulink.LookupNDDirect",
    "icon":"BlockIcon_icon"
   },
   {
    "sid":"c_code_MR100:73",
    "rsid":"c_code_MR100:73",
    "name":"Lookup_Table_else6",
    "label":"Lookup_Table_else6",
    "className":"Simulink.LookupNDDirect",
    "icon":"BlockIcon_icon"
   },
   {
    "sid":"c_code_MR100:74",
    "rsid":"c_code_MR100:74",
    "name":"Lookup_Table_else7",
    "label":"Lookup_Table_else7",
    "className":"Simulink.LookupNDDirect",
    "icon":"BlockIcon_icon"
   },
   {
    "sid":"c_code_MR100:75",
    "rsid":"c_code_MR100:75",
    "name":"Lookup_Table_else8",
    "label":"Lookup_Table_else8",
    "className":"Simulink.LookupNDDirect",
    "icon":"BlockIcon_icon"
   },
   {
    "sid":"c_code_MR100:76",
    "rsid":"c_code_MR100:76",
    "name":"Lookup_Table_else9",
    "label":"Lookup_Table_else9",
    "className":"Simulink.LookupNDDirect",
    "icon":"BlockIcon_icon"
   },
   {
    "sid":"c_code_MR100:90",
    "rsid":"c_code_MR100:90",
    "name":"Math\nFunction",
    "label":"Math Function",
    "className":"Simulink.Math",
    "icon":"BlockIcon_icon"
   },
   {
    "sid":"c_code_MR100:91",
    "rsid":"c_code_MR100:91",
    "name":"Mux3",
    "label":"Mux3",
    "className":"Simulink.Mux",
    "icon":"BlockIcon_icon"
   },
   {
    "sid":"c_code_MR100:92",
    "rsid":"c_code_MR100:92",
    "name":"Mux4",
    "label":"Mux4",
    "className":"Simulink.Mux",
    "icon":"BlockIcon_icon"
   },
   {
    "sid":"c_code_MR100:93",
    "rsid":"c_code_MR100:93",
    "name":"Saturation2",
    "label":"Saturation2",
    "className":"Simulink.Saturate",
    "icon":"BlockIcon_icon"
   },
   {
    "sid":"c_code_MR100:94",
    "rsid":"c_code_MR100:94",
    "name":"L_foot_joint1",
    "label":"L_foot_joint1",
    "className":"Simulink.Outport",
    "icon":"BlockIcon_icon"
   },
   {
    "sid":"c_code_MR100:95",
    "rsid":"c_code_MR100:95",
    "name":"R_foot_joint1",
    "label":"R_foot_joint1",
    "className":"Simulink.Outport",
    "icon":"BlockIcon_icon"
   },
   {
    "sid":"c_code_MR100:74#out:1;line",
    "rsid":"c_code_MR100:74#out:1;line",
    "name":"",
    "label":"",
    "className":"Simulink.Line",
    "icon":"LineIcon_icon"
   },
   {
    "sid":"c_code_MR100:77#out:1;line",
    "rsid":"c_code_MR100:77#out:1;line",
    "name":"",
    "label":"",
    "className":"Simulink.Line",
    "icon":"LineIcon_icon"
   },
   {
    "sid":"c_code_MR100:91#out:1;line",
    "rsid":"c_code_MR100:91#out:1;line",
    "name":"",
    "label":"",
    "className":"Simulink.Line",
    "icon":"LineIcon_icon"
   },
   {
    "sid":"c_code_MR100:87#out:1;line",
    "rsid":"c_code_MR100:87#out:1;line",
    "name":"",
    "label":"",
    "className":"Simulink.Line",
    "icon":"LineIcon_icon"
   },
   {
    "sid":"c_code_MR100:83#out:1;line",
    "rsid":"c_code_MR100:83#out:1;line",
    "name":"",
    "label":"",
    "className":"Simulink.Line",
    "icon":"LineIcon_icon"
   },
   {
    "sid":"c_code_MR100:84#out:1;line",
    "rsid":"c_code_MR100:84#out:1;line",
    "name":"",
    "label":"",
    "className":"Simulink.Line",
    "icon":"LineIcon_icon"
   },
   {
    "sid":"c_code_MR100:70#out:1;line",
    "rsid":"c_code_MR100:70#out:1;line",
    "name":"",
    "label":"",
    "className":"Simulink.Line",
    "icon":"LineIcon_icon"
   },
   {
    "sid":"c_code_MR100:82#out:1;line",
    "rsid":"c_code_MR100:82#out:1;line",
    "name":"",
    "label":"",
    "className":"Simulink.Line",
    "icon":"LineIcon_icon"
   },
   {
    "sid":"c_code_MR100:68#out:1;line",
    "rsid":"c_code_MR100:68#out:1;line",
    "name":"",
    "label":"",
    "className":"Simulink.Line",
    "icon":"LineIcon_icon"
   },
   {
    "sid":"c_code_MR100:80#out:1;line",
    "rsid":"c_code_MR100:80#out:1;line",
    "name":"",
    "label":"",
    "className":"Simulink.Line",
    "icon":"LineIcon_icon"
   },
   {
    "sid":"c_code_MR100:89#out:1;line",
    "rsid":"c_code_MR100:89#out:1;line",
    "name":"",
    "label":"",
    "className":"Simulink.Line",
    "icon":"LineIcon_icon"
   },
   {
    "sid":"c_code_MR100:90#out:1;line",
    "rsid":"c_code_MR100:90#out:1;line",
    "name":"",
    "label":"",
    "className":"Simulink.Line",
    "icon":"LineIcon_icon"
   },
   {
    "sid":"c_code_MR100:63#out:1;line",
    "rsid":"c_code_MR100:63#out:1;line",
    "name":"",
    "label":"",
    "className":"Simulink.Line",
    "icon":"LineIcon_icon"
   },
   {
    "sid":"c_code_MR100:67#out:1;line",
    "rsid":"c_code_MR100:67#out:1;line",
    "name":"",
    "label":"",
    "className":"Simulink.Line",
    "icon":"LineIcon_icon"
   },
   {
    "sid":"c_code_MR100:78#out:1;line",
    "rsid":"c_code_MR100:78#out:1;line",
    "name":"",
    "label":"",
    "className":"Simulink.Line",
    "icon":"LineIcon_icon"
   },
   {
    "sid":"c_code_MR100:65#out:1;line",
    "rsid":"c_code_MR100:65#out:1;line",
    "name":"",
    "label":"",
    "className":"Simulink.Line",
    "icon":"LineIcon_icon"
   },
   {
    "sid":"c_code_MR100:72#out:1;line",
    "rsid":"c_code_MR100:72#out:1;line",
    "name":"",
    "label":"",
    "className":"Simulink.Line",
    "icon":"LineIcon_icon"
   },
   {
    "sid":"c_code_MR100:81#out:1;line",
    "rsid":"c_code_MR100:81#out:1;line",
    "name":"",
    "label":"",
    "className":"Simulink.Line",
    "icon":"LineIcon_icon"
   },
   {
    "sid":"c_code_MR100:75#out:1;line",
    "rsid":"c_code_MR100:75#out:1;line",
    "name":"",
    "label":"",
    "className":"Simulink.Line",
    "icon":"LineIcon_icon"
   },
   {
    "sid":"c_code_MR100:61#out:1;line",
    "rsid":"c_code_MR100:61#out:1;line",
    "name":"",
    "label":"",
    "className":"Simulink.Line",
    "icon":"LineIcon_icon"
   },
   {
    "sid":"c_code_MR100:69#out:1;line",
    "rsid":"c_code_MR100:69#out:1;line",
    "name":"",
    "label":"",
    "className":"Simulink.Line",
    "icon":"LineIcon_icon"
   },
   {
    "sid":"c_code_MR100:76#out:1;line",
    "rsid":"c_code_MR100:76#out:1;line",
    "name":"",
    "label":"",
    "className":"Simulink.Line",
    "icon":"LineIcon_icon"
   },
   {
    "sid":"c_code_MR100:93#out:1;line",
    "rsid":"c_code_MR100:93#out:1;line",
    "name":"",
    "label":"",
    "className":"Simulink.Line",
    "icon":"LineIcon_icon"
   },
   {
    "sid":"c_code_MR100:66#out:1;line",
    "rsid":"c_code_MR100:66#out:1;line",
    "name":"",
    "label":"",
    "className":"Simulink.Line",
    "icon":"LineIcon_icon"
   },
   {
    "sid":"c_code_MR100:64#out:1;line",
    "rsid":"c_code_MR100:64#out:1;line",
    "name":"",
    "label":"",
    "className":"Simulink.Line",
    "icon":"LineIcon_icon"
   },
   {
    "sid":"c_code_MR100:79#out:1;line",
    "rsid":"c_code_MR100:79#out:1;line",
    "name":"",
    "label":"",
    "className":"Simulink.Line",
    "icon":"LineIcon_icon"
   },
   {
    "sid":"c_code_MR100:88#out:1;line",
    "rsid":"c_code_MR100:88#out:1;line",
    "name":"",
    "label":"",
    "className":"Simulink.Line",
    "icon":"LineIcon_icon"
   },
   {
    "sid":"c_code_MR100:85#out:1;line",
    "rsid":"c_code_MR100:85#out:1;line",
    "name":"",
    "label":"",
    "className":"Simulink.Line",
    "icon":"LineIcon_icon"
   },
   {
    "sid":"c_code_MR100:71#out:1;line",
    "rsid":"c_code_MR100:71#out:1;line",
    "name":"",
    "label":"",
    "className":"Simulink.Line",
    "icon":"LineIcon_icon"
   },
   {
    "sid":"c_code_MR100:92#out:1;line",
    "rsid":"c_code_MR100:92#out:1;line",
    "name":"",
    "label":"",
    "className":"Simulink.Line",
    "icon":"LineIcon_icon"
   },
   {
    "sid":"c_code_MR100:73#out:1;line",
    "rsid":"c_code_MR100:73#out:1;line",
    "name":"",
    "label":"",
    "className":"Simulink.Line",
    "icon":"LineIcon_icon"
   },
   {
    "sid":"c_code_MR100:86#out:1;line",
    "rsid":"c_code_MR100:86#out:1;line",
    "name":"",
    "label":"",
    "className":"Simulink.Line",
    "icon":"LineIcon_icon"
   },
   {
    "sid":"c_code_MR100:126#out:1;line",
    "rsid":"c_code_MR100:126#out:1;line",
    "name":"",
    "label":"",
    "className":"Simulink.Line",
    "icon":"LineIcon_icon"
   },
   {
    "sid":"c_code_MR100:127#out:1;line",
    "rsid":"c_code_MR100:127#out:1;line",
    "name":"",
    "label":"",
    "className":"Simulink.Line",
    "icon":"LineIcon_icon"
   },
   {
    "sid":"c_code_MR100:128#out:1;line",
    "rsid":"c_code_MR100:128#out:1;line",
    "name":"",
    "label":"",
    "className":"Simulink.Line",
    "icon":"LineIcon_icon"
   },
   {
    "sid":"c_code_MR100:129#out:1;line",
    "rsid":"c_code_MR100:129#out:1;line",
    "name":"",
    "label":"",
    "className":"Simulink.Line",
    "icon":"LineIcon_icon"
   },
   {
    "sid":"c_code_MR100:130#out:1;line",
    "rsid":"c_code_MR100:130#out:1;line",
    "name":"",
    "label":"",
    "className":"Simulink.Line",
    "icon":"LineIcon_icon"
   },
   {
    "sid":"c_code_MR100:131#out:1;line",
    "rsid":"c_code_MR100:131#out:1;line",
    "name":"",
    "label":"",
    "className":"Simulink.Line",
    "icon":"LineIcon_icon"
   },
   {
    "sid":"c_code_MR100:132#out:1;line",
    "rsid":"c_code_MR100:132#out:1;line",
    "name":"",
    "label":"",
    "className":"Simulink.Line",
    "icon":"LineIcon_icon"
   },
   {
    "sid":"c_code_MR100:133#out:1;line",
    "rsid":"c_code_MR100:133#out:1;line",
    "name":"",
    "label":"",
    "className":"Simulink.Line",
    "icon":"LineIcon_icon"
   },
   {
    "sid":"c_code_MR100:134#out:1;line",
    "rsid":"c_code_MR100:134#out:1;line",
    "name":"",
    "label":"",
    "className":"Simulink.Line",
    "icon":"LineIcon_icon"
   },
   {
    "sid":"c_code_MR100:135#out:1;line",
    "rsid":"c_code_MR100:135#out:1;line",
    "name":"",
    "label":"",
    "className":"Simulink.Line",
    "icon":"LineIcon_icon"
   },
   {
    "sid":"c_code_MR100:136#out:1;line",
    "rsid":"c_code_MR100:136#out:1;line",
    "name":"",
    "label":"",
    "className":"Simulink.Line",
    "icon":"LineIcon_icon"
   },
   {
    "sid":"c_code_MR100:137#out:1;line",
    "rsid":"c_code_MR100:137#out:1;line",
    "name":"",
    "label":"",
    "className":"Simulink.Line",
    "icon":"LineIcon_icon"
   }
  ],
  "sysViewURL":"support/slwebview_files/c_code_MR100_60_d.json",
  "sameAsElement":false
 }
]