<?xml version="1.0" encoding="UTF-8"?>
<MF0 version="1.1" packageUris="http://schema.mathworks.com/mf0/ci/19700101 http://schema.mathworks.com/mf0/sl_modelref_info/R2023a http://schema.mathworks.com/mf0/slexec_mm_sto/R2023a_202208151321 http://schema.mathworks.com/mf0/sltp_mm/R2023a_202209151115">
  <ModelRefInfoRepo.ModelRefInfoRoot type="ModelRefInfoRepo.ModelRefInfoRoot" uuid="2a90d9b4-92b9-4a39-aefd-eef0de70207f">
    <calibrationData type="ModelRefInfoRepo.CalibrationData" uuid="2aa7b6ce-96e1-4286-8ee6-7ae651e205d7">
      <ModelName>c_code_MR100</ModelName>
      <RootIOData>[{&quot;Name&quot;:&quot;R_Hip_Yaw&quot;,&quot;Profile&quot;:&quot;&quot;},{&quot;Name&quot;:&quot;R_Hip_Roll&quot;,&quot;Profile&quot;:&quot;&quot;},{&quot;Name&quot;:&quot;R_Hip_Pitch&quot;,&quot;Profile&quot;:&quot;&quot;},{&quot;Name&quot;:&quot;R_knee&quot;,&quot;Profile&quot;:&quot;&quot;},{&quot;Name&quot;:&quot;R_Ankle_Pitch&quot;,&quot;Profile&quot;:&quot;&quot;},{&quot;Name&quot;:&quot;R_Ankle_Roll&quot;,&quot;Profile&quot;:&quot;&quot;},{&quot;Name&quot;:&quot;L_Hip_Yaw&quot;,&quot;Profile&quot;:&quot;&quot;},{&quot;Name&quot;:&quot;L_Hip_Roll&quot;,&quot;Profile&quot;:&quot;&quot;},{&quot;Name&quot;:&quot;L_Hip_Pitch&quot;,&quot;Profile&quot;:&quot;&quot;},{&quot;Name&quot;:&quot;L_knee&quot;,&quot;Profile&quot;:&quot;&quot;},{&quot;Name&quot;:&quot;L_Ankle_Pitch&quot;,&quot;Profile&quot;:&quot;&quot;},{&quot;Name&quot;:&quot;L_Ankle_Roll&quot;,&quot;Profile&quot;:&quot;&quot;}]</RootIOData>
    </calibrationData>
    <childModelRefInfo type="ModelRefInfoRepo.ChildModelRefInfo" uuid="8f7b9793-b086-4abf-9968-eb85127cdad9">
      <modelName>c_code_MR100</modelName>
      <modelPath>c_code_MR100</modelPath>
    </childModelRefInfo>
    <dataTransferInfos>AAFJTQAAAAAOAAAAOAAAAAYAAAAIAAAAAgAAAAAAAAAFAAAACAAAAAAAAAABAAAAAQAAAAAAAAAFAAQAAQAAAAEAAAAAAAAA</dataTransferInfos>
    <defaultsCMapping>{&quot;Inports&quot;:&quot;{\&quot;Name\&quot;:\&quot;Default\&quot;,\&quot;Checksum\&quot;:\&quot;Default\&quot;,\&quot;PerInstancePropertiesChecksum\&quot;:\&quot;\&quot;,\&quot;MemorySectionName\&quot;:\&quot;None\&quot;,\&quot;MemorySectionChecksum\&quot;:\&quot;None\&quot;}&quot;,&quot;Outports&quot;:&quot;{\&quot;Name\&quot;:\&quot;Default\&quot;,\&quot;Checksum\&quot;:\&quot;Default\&quot;,\&quot;PerInstancePropertiesChecksum\&quot;:\&quot;\&quot;,\&quot;MemorySectionName\&quot;:\&quot;None\&quot;,\&quot;MemorySectionChecksum\&quot;:\&quot;None\&quot;}&quot;,&quot;ParameterArguments&quot;:&quot;{\&quot;Name\&quot;:\&quot;Default\&quot;,\&quot;Checksum\&quot;:\&quot;Default\&quot;,\&quot;PerInstancePropertiesChecksum\&quot;:\&quot;\&quot;,\&quot;MemorySectionName\&quot;:\&quot;None\&quot;,\&quot;MemorySectionChecksum\&quot;:\&quot;None\&quot;}&quot;,&quot;LocalParameters&quot;:&quot;{\&quot;Name\&quot;:\&quot;Default\&quot;,\&quot;Checksum\&quot;:\&quot;Default\&quot;,\&quot;PerInstancePropertiesChecksum\&quot;:\&quot;\&quot;,\&quot;MemorySectionName\&quot;:\&quot;None\&quot;,\&quot;MemorySectionChecksum\&quot;:\&quot;None\&quot;}&quot;,&quot;GlobalParameters&quot;:&quot;{\&quot;Name\&quot;:\&quot;Default\&quot;,\&quot;Checksum\&quot;:\&quot;Default\&quot;,\&quot;PerInstancePropertiesChecksum\&quot;:\&quot;\&quot;,\&quot;MemorySectionName\&quot;:\&quot;None\&quot;,\&quot;MemorySectionChecksum\&quot;:\&quot;None\&quot;}&quot;,&quot;InternalData&quot;:&quot;{\&quot;Name\&quot;:\&quot;Default\&quot;,\&quot;Checksum\&quot;:\&quot;Default\&quot;,\&quot;PerInstancePropertiesChecksum\&quot;:\&quot;\&quot;,\&quot;MemorySectionName\&quot;:\&quot;None\&quot;,\&quot;MemorySectionChecksum\&quot;:\&quot;None\&quot;}&quot;,&quot;SharedLocalDataStores&quot;:&quot;{\&quot;Name\&quot;:\&quot;Default\&quot;,\&quot;Checksum\&quot;:\&quot;Default\&quot;,\&quot;PerInstancePropertiesChecksum\&quot;:\&quot;\&quot;,\&quot;MemorySectionName\&quot;:\&quot;None\&quot;,\&quot;MemorySectionChecksum\&quot;:\&quot;None\&quot;}&quot;,&quot;GlobalDataStores&quot;:&quot;{\&quot;Name\&quot;:\&quot;Default\&quot;,\&quot;Checksum\&quot;:\&quot;Default\&quot;,\&quot;PerInstancePropertiesChecksum\&quot;:\&quot;\&quot;,\&quot;MemorySectionName\&quot;:\&quot;None\&quot;,\&quot;MemorySectionChecksum\&quot;:\&quot;None\&quot;}&quot;,&quot;Constants&quot;:&quot;{\&quot;Name\&quot;:\&quot;Default\&quot;,\&quot;Checksum\&quot;:\&quot;Default\&quot;,\&quot;PerInstancePropertiesChecksum\&quot;:\&quot;\&quot;,\&quot;MemorySectionName\&quot;:\&quot;None\&quot;,\&quot;MemorySectionChecksum\&quot;:\&quot;None\&quot;}&quot;,&quot;DataTransfers&quot;:&quot;{\&quot;Name\&quot;:\&quot;Default\&quot;,\&quot;Checksum\&quot;:\&quot;Default\&quot;,\&quot;PerInstancePropertiesChecksum\&quot;:\&quot;\&quot;,\&quot;MemorySectionName\&quot;:\&quot;None\&quot;,\&quot;MemorySectionChecksum\&quot;:\&quot;None\&quot;}&quot;,&quot;ModelData&quot;:&quot;{\&quot;Name\&quot;:\&quot;Default\&quot;,\&quot;Checksum\&quot;:\&quot;Default\&quot;,\&quot;PerInstancePropertiesChecksum\&quot;:\&quot;\&quot;,\&quot;MemorySectionName\&quot;:\&quot;None\&quot;,\&quot;MemorySectionChecksum\&quot;:\&quot;None\&quot;}&quot;,&quot;InitializeTerminate&quot;:&quot;{\&quot;Name\&quot;:\&quot;Default\&quot;,\&quot;Checksum\&quot;:\&quot;Default\&quot;,\&quot;PerInstancePropertiesChecksum\&quot;:\&quot;\&quot;,\&quot;MemorySectionName\&quot;:\&quot;None\&quot;,\&quot;MemorySectionChecksum\&quot;:\&quot;None\&quot;}&quot;,&quot;Execution&quot;:&quot;{\&quot;Name\&quot;:\&quot;Default\&quot;,\&quot;Checksum\&quot;:\&quot;Default\&quot;,\&quot;PerInstancePropertiesChecksum\&quot;:\&quot;\&quot;,\&quot;MemorySectionName\&quot;:\&quot;None\&quot;,\&quot;MemorySectionChecksum\&quot;:\&quot;None\&quot;}&quot;,&quot;SharedUtility&quot;:&quot;{\&quot;Name\&quot;:\&quot;Default\&quot;,\&quot;Checksum\&quot;:\&quot;Default\&quot;,\&quot;PerInstancePropertiesChecksum\&quot;:\&quot;\&quot;,\&quot;MemorySectionName\&quot;:\&quot;None\&quot;,\&quot;MemorySectionChecksum\&quot;:\&quot;None\&quot;}&quot;}</defaultsCMapping>
    <fastestNoncontSigFeedingDerivPorts>-1.0</fastestNoncontSigFeedingDerivPorts>
    <hasBlockWithPeriodicDiscreteSampleTime>true</hasBlockWithPeriodicDiscreteSampleTime>
    <hasBwsAccessed>true</hasBwsAccessed>
    <hasBwsAccessedByAnyModel>true</hasBwsAccessedByAnyModel>
    <hasContinuousSampleTime>true</hasContinuousSampleTime>
    <hasNonVirtualConstantTs>true</hasNonVirtualConstantTs>
    <isBdInSimModeForSimCodegenVariants>false</isBdInSimModeForSimCodegenVariants>
    <isInlineParamsOn>true</isInlineParamsOn>
    <isOrigOutportVirtualBus>false</isOrigOutportVirtualBus>
    <isOrigOutportVirtualBus>false</isOrigOutportVirtualBus>
    <isOrigOutportVirtualBus>false</isOrigOutportVirtualBus>
    <isOrigOutportVirtualBus>false</isOrigOutportVirtualBus>
    <isOrigOutportVirtualBus>false</isOrigOutportVirtualBus>
    <isOrigOutportVirtualBus>false</isOrigOutportVirtualBus>
    <isOrigOutportVirtualBus>false</isOrigOutportVirtualBus>
    <isOrigOutportVirtualBus>false</isOrigOutportVirtualBus>
    <isOrigOutportVirtualBus>false</isOrigOutportVirtualBus>
    <isOrigOutportVirtualBus>false</isOrigOutportVirtualBus>
    <isOrigOutportVirtualBus>false</isOrigOutportVirtualBus>
    <isOrigOutportVirtualBus>false</isOrigOutportVirtualBus>
    <loggingSaveFormat>2</loggingSaveFormat>
    <maxFreqHz>-1.0</maxFreqHz>
    <needAbsoluteTimeDisallowInitPort>true</needAbsoluteTimeDisallowInitPort>
    <numDataInputPorts>0</numDataInputPorts>
    <numLoggableJacobianDStates>0</numLoggableJacobianDStates>
    <origOutportBusOutputAsStruct>false</origOutportBusOutputAsStruct>
    <origOutportBusOutputAsStruct>false</origOutportBusOutputAsStruct>
    <origOutportBusOutputAsStruct>false</origOutportBusOutputAsStruct>
    <origOutportBusOutputAsStruct>false</origOutportBusOutputAsStruct>
    <origOutportBusOutputAsStruct>false</origOutportBusOutputAsStruct>
    <origOutportBusOutputAsStruct>false</origOutportBusOutputAsStruct>
    <origOutportBusOutputAsStruct>false</origOutportBusOutputAsStruct>
    <origOutportBusOutputAsStruct>false</origOutportBusOutputAsStruct>
    <origOutportBusOutputAsStruct>false</origOutportBusOutputAsStruct>
    <origOutportBusOutputAsStruct>false</origOutportBusOutputAsStruct>
    <origOutportBusOutputAsStruct>false</origOutportBusOutputAsStruct>
    <origOutportBusOutputAsStruct>false</origOutportBusOutputAsStruct>
    <origOutportBusType></origOutportBusType>
    <origOutportBusType></origOutportBusType>
    <origOutportBusType></origOutportBusType>
    <origOutportBusType></origOutportBusType>
    <origOutportBusType></origOutportBusType>
    <origOutportBusType></origOutportBusType>
    <origOutportBusType></origOutportBusType>
    <origOutportBusType></origOutportBusType>
    <origOutportBusType></origOutportBusType>
    <origOutportBusType></origOutportBusType>
    <origOutportBusType></origOutportBusType>
    <origOutportBusType></origOutportBusType>
    <outports type="ModelRefInfoRepo.OutportInformation" uuid="e6df7256-aa93-431e-b4b3-8a8cf3b7be72">
      <drivenByOutputPortWithCGInit>true</drivenByOutputPortWithCGInit>
      <hasSystemInitMethod>true</hasSystemInitMethod>
      <designMax>inf</designMax>
      <designMin>-inf</designMin>
      <rateInfos type="ModelRefInfoRepo.RateInfo">
        <compiled>true</compiled>
        <needAbsoluteTime>true</needAbsoluteTime>
        <period>0.0</period>
        <priority>40</priority>
        <rateIdx>0</rateIdx>
      </rateInfos>
      <resolvedSignalObject></resolvedSignalObject>
      <executionInterface type="ModelRefInfoRepo.OutputExecutionInterface" uuid="5b114356-0244-443f-84bc-66326756dae6"/>
      <sigNameToEMVCEMap type="ModelRefInfoRepo.SigNameEMVCEInfo" uuid="bb36f1a0-e72e-45a5-8f08-a4dde5ddecef"/>
    </outports>
    <outports type="ModelRefInfoRepo.OutportInformation" uuid="032a0b2f-d4a9-44f7-8769-4240ac6e8fe7">
      <designMax>inf</designMax>
      <designMin>-inf</designMin>
      <originalPortNumber>1</originalPortNumber>
      <rateInfos type="ModelRefInfoRepo.RateInfo">
        <compiled>true</compiled>
        <needAbsoluteTime>true</needAbsoluteTime>
        <period>0.0</period>
        <priority>40</priority>
        <rateIdx>0</rateIdx>
      </rateInfos>
      <resolvedSignalObject></resolvedSignalObject>
      <executionInterface type="ModelRefInfoRepo.OutputExecutionInterface" uuid="df9d6632-8afc-4696-9e02-cf7f7833669d"/>
      <sigNameToEMVCEMap type="ModelRefInfoRepo.SigNameEMVCEInfo" uuid="c9276834-7e5f-4dd0-a08b-e96715f48eae"/>
    </outports>
    <outports type="ModelRefInfoRepo.OutportInformation" uuid="5d68d6d9-9ea8-4daa-bf67-236c2db87b96">
      <designMax>inf</designMax>
      <designMin>-inf</designMin>
      <originalPortNumber>2</originalPortNumber>
      <rateInfos type="ModelRefInfoRepo.RateInfo">
        <compiled>true</compiled>
        <needAbsoluteTime>true</needAbsoluteTime>
        <period>0.0</period>
        <priority>40</priority>
        <rateIdx>0</rateIdx>
      </rateInfos>
      <resolvedSignalObject></resolvedSignalObject>
      <executionInterface type="ModelRefInfoRepo.OutputExecutionInterface" uuid="80b7618f-e485-401c-b23c-6f105d24e8cc"/>
      <sigNameToEMVCEMap type="ModelRefInfoRepo.SigNameEMVCEInfo" uuid="ffa6be2b-ffda-43ce-bad3-33d19f76e1a6"/>
    </outports>
    <outports type="ModelRefInfoRepo.OutportInformation" uuid="3f335037-5d4f-40be-ad76-1c5d33aaa020">
      <designMax>inf</designMax>
      <designMin>-inf</designMin>
      <originalPortNumber>3</originalPortNumber>
      <rateInfos type="ModelRefInfoRepo.RateInfo">
        <compiled>true</compiled>
        <needAbsoluteTime>true</needAbsoluteTime>
        <period>0.0</period>
        <priority>40</priority>
        <rateIdx>0</rateIdx>
      </rateInfos>
      <resolvedSignalObject></resolvedSignalObject>
      <executionInterface type="ModelRefInfoRepo.OutputExecutionInterface" uuid="4a8e7b8e-2036-459a-a8a3-b447f1a6783c"/>
      <sigNameToEMVCEMap type="ModelRefInfoRepo.SigNameEMVCEInfo" uuid="a5526419-9009-4b6c-a993-e18ec549615c"/>
    </outports>
    <outports type="ModelRefInfoRepo.OutportInformation" uuid="0febc425-3765-4d51-9c28-39ad2cc56114">
      <drivenByOutputPortWithCGInit>true</drivenByOutputPortWithCGInit>
      <hasSystemInitMethod>true</hasSystemInitMethod>
      <designMax>inf</designMax>
      <designMin>-inf</designMin>
      <originalPortNumber>4</originalPortNumber>
      <rateInfos type="ModelRefInfoRepo.RateInfo">
        <compiled>true</compiled>
        <needAbsoluteTime>true</needAbsoluteTime>
        <period>0.0</period>
        <priority>40</priority>
        <rateIdx>0</rateIdx>
      </rateInfos>
      <resolvedSignalObject></resolvedSignalObject>
      <executionInterface type="ModelRefInfoRepo.OutputExecutionInterface" uuid="d6f383ac-9206-4042-8f8f-35a864bb951d"/>
      <sigNameToEMVCEMap type="ModelRefInfoRepo.SigNameEMVCEInfo" uuid="5d2f5e58-dad0-4d13-b9a5-8385c7164d8c"/>
    </outports>
    <outports type="ModelRefInfoRepo.OutportInformation" uuid="8fcf73f5-8490-4f5f-bea3-04717adb8482">
      <drivenByOutputPortWithCGInit>true</drivenByOutputPortWithCGInit>
      <hasSystemInitMethod>true</hasSystemInitMethod>
      <designMax>inf</designMax>
      <designMin>-inf</designMin>
      <originalPortNumber>5</originalPortNumber>
      <rateInfos type="ModelRefInfoRepo.RateInfo">
        <compiled>true</compiled>
        <needAbsoluteTime>true</needAbsoluteTime>
        <period>0.0</period>
        <priority>40</priority>
        <rateIdx>0</rateIdx>
      </rateInfos>
      <resolvedSignalObject></resolvedSignalObject>
      <executionInterface type="ModelRefInfoRepo.OutputExecutionInterface" uuid="0218aae1-c569-404c-94c6-0a41d5616fbf"/>
      <sigNameToEMVCEMap type="ModelRefInfoRepo.SigNameEMVCEInfo" uuid="c0d4cdad-d307-430b-ae95-9a27fb80f7c1"/>
    </outports>
    <outports type="ModelRefInfoRepo.OutportInformation" uuid="c2823e06-34e3-449c-b220-aa5dc75e7d31">
      <drivenByOutputPortWithCGInit>true</drivenByOutputPortWithCGInit>
      <hasSystemInitMethod>true</hasSystemInitMethod>
      <designMax>inf</designMax>
      <designMin>-inf</designMin>
      <originalPortNumber>6</originalPortNumber>
      <rateInfos type="ModelRefInfoRepo.RateInfo">
        <compiled>true</compiled>
        <needAbsoluteTime>true</needAbsoluteTime>
        <period>0.0</period>
        <priority>40</priority>
        <rateIdx>0</rateIdx>
      </rateInfos>
      <resolvedSignalObject></resolvedSignalObject>
      <executionInterface type="ModelRefInfoRepo.OutputExecutionInterface" uuid="cbd5f14e-ba34-4b71-a89a-3d1e4421a3f4"/>
      <sigNameToEMVCEMap type="ModelRefInfoRepo.SigNameEMVCEInfo" uuid="cb43c5c8-3b5e-453c-a02b-6b16af929f54"/>
    </outports>
    <outports type="ModelRefInfoRepo.OutportInformation" uuid="8ac0af53-72c6-45d9-b520-1ff53313d832">
      <drivenByOutputPortWithCGInit>true</drivenByOutputPortWithCGInit>
      <hasSystemInitMethod>true</hasSystemInitMethod>
      <designMax>inf</designMax>
      <designMin>-inf</designMin>
      <originalPortNumber>7</originalPortNumber>
      <rateInfos type="ModelRefInfoRepo.RateInfo">
        <compiled>true</compiled>
        <needAbsoluteTime>true</needAbsoluteTime>
        <period>0.0</period>
        <priority>40</priority>
        <rateIdx>0</rateIdx>
      </rateInfos>
      <resolvedSignalObject></resolvedSignalObject>
      <executionInterface type="ModelRefInfoRepo.OutputExecutionInterface" uuid="12e9362b-f947-43f5-9557-3db85953d759"/>
      <sigNameToEMVCEMap type="ModelRefInfoRepo.SigNameEMVCEInfo" uuid="6721c488-2ad5-4fa8-8a85-4e527b106cc0"/>
    </outports>
    <outports type="ModelRefInfoRepo.OutportInformation" uuid="566366ca-31dd-4384-92af-5126f7dcc70d">
      <designMax>inf</designMax>
      <designMin>-inf</designMin>
      <originalPortNumber>8</originalPortNumber>
      <rateInfos type="ModelRefInfoRepo.RateInfo">
        <compiled>true</compiled>
        <needAbsoluteTime>true</needAbsoluteTime>
        <period>0.0</period>
        <priority>40</priority>
        <rateIdx>0</rateIdx>
      </rateInfos>
      <resolvedSignalObject></resolvedSignalObject>
      <executionInterface type="ModelRefInfoRepo.OutputExecutionInterface" uuid="154c09e2-bd91-45a9-80fe-599abd095211"/>
      <sigNameToEMVCEMap type="ModelRefInfoRepo.SigNameEMVCEInfo" uuid="1d3d63e0-f9b9-40f9-aeee-f6138df2fa04"/>
    </outports>
    <outports type="ModelRefInfoRepo.OutportInformation" uuid="ae3c56d6-4207-46c6-96f5-da787812aa84">
      <drivenByOutputPortWithCGInit>true</drivenByOutputPortWithCGInit>
      <hasSystemInitMethod>true</hasSystemInitMethod>
      <designMax>inf</designMax>
      <designMin>-inf</designMin>
      <originalPortNumber>9</originalPortNumber>
      <rateInfos type="ModelRefInfoRepo.RateInfo">
        <compiled>true</compiled>
        <needAbsoluteTime>true</needAbsoluteTime>
        <period>0.0</period>
        <priority>40</priority>
        <rateIdx>0</rateIdx>
      </rateInfos>
      <resolvedSignalObject></resolvedSignalObject>
      <executionInterface type="ModelRefInfoRepo.OutputExecutionInterface" uuid="40c6e287-635c-4940-a294-ab97bb90677f"/>
      <sigNameToEMVCEMap type="ModelRefInfoRepo.SigNameEMVCEInfo" uuid="42de340f-55a0-49bf-b580-06dea827349c"/>
    </outports>
    <outports type="ModelRefInfoRepo.OutportInformation" uuid="bab13fcd-9c73-43e4-81d4-1caa4917503d">
      <drivenByOutputPortWithCGInit>true</drivenByOutputPortWithCGInit>
      <hasSystemInitMethod>true</hasSystemInitMethod>
      <designMax>inf</designMax>
      <designMin>-inf</designMin>
      <originalPortNumber>10</originalPortNumber>
      <rateInfos type="ModelRefInfoRepo.RateInfo">
        <compiled>true</compiled>
        <needAbsoluteTime>true</needAbsoluteTime>
        <period>0.0</period>
        <priority>40</priority>
        <rateIdx>0</rateIdx>
      </rateInfos>
      <resolvedSignalObject></resolvedSignalObject>
      <executionInterface type="ModelRefInfoRepo.OutputExecutionInterface" uuid="32f9c2d4-2a02-47a2-a53d-25f064f7aba2"/>
      <sigNameToEMVCEMap type="ModelRefInfoRepo.SigNameEMVCEInfo" uuid="9819ac37-a295-43eb-a4f9-e1ed0546f6f1"/>
    </outports>
    <outports type="ModelRefInfoRepo.OutportInformation" uuid="cbcc754c-5cb3-4abc-880b-03eb36569ddc">
      <designMax>inf</designMax>
      <designMin>-inf</designMin>
      <originalPortNumber>11</originalPortNumber>
      <rateInfos type="ModelRefInfoRepo.RateInfo">
        <compiled>true</compiled>
        <needAbsoluteTime>true</needAbsoluteTime>
        <period>0.0</period>
        <priority>40</priority>
        <rateIdx>0</rateIdx>
      </rateInfos>
      <resolvedSignalObject></resolvedSignalObject>
      <executionInterface type="ModelRefInfoRepo.OutputExecutionInterface" uuid="96d2cfc4-df36-4a7c-917b-00fe8bb35c0a"/>
      <sigNameToEMVCEMap type="ModelRefInfoRepo.SigNameEMVCEInfo" uuid="1137e31b-d7ad-495e-ae3e-b6d852928491"/>
    </outports>
    <removeResetFunc>true</removeResetFunc>
    <runtimeNonFcnCallRateInfos type="ModelRefInfoRepo.RateInfo">
      <compiled>true</compiled>
      <needAbsoluteTime>true</needAbsoluteTime>
      <period>0.0</period>
      <priority>40</priority>
      <rateIdx>0</rateIdx>
    </runtimeNonFcnCallRateInfos>
    <runtimeNonFcnCallRateInfos type="ModelRefInfoRepo.RateInfo">
      <compiled>true</compiled>
      <nonFcnCallPartitionName>Cont</nonFcnCallPartitionName>
      <period>.01</period>
      <priority>40</priority>
      <rateIdx>1</rateIdx>
    </runtimeNonFcnCallRateInfos>
    <sampleTimeInheritanceRule>2</sampleTimeInheritanceRule>
    <solverStatusFlags>335</solverStatusFlags>
    <timingAndTaskingRegistry>&lt;?xml version=&quot;1.0&quot;?&gt;
&lt;slexec_sto version=&quot;1.1&quot; packageUris=&quot;http://schema.mathworks.com/mf0/slexec_mm_sto/R2023a_202208151321&quot;&gt;
  &lt;sto.Registry type=&quot;sto.Registry&quot; uuid=&quot;8e42c90e-4f37-4ab9-b24e-4a9a536f0ea4&quot;&gt;
    &lt;executionSpec&gt;Undetermined&lt;/executionSpec&gt;
    &lt;identifier&gt;c_code_MR100&lt;/identifier&gt;
    &lt;clockRegistry type=&quot;sto.ClockRegistry&quot; uuid=&quot;815dbc20-afff-4fc8-8268-dbefe23c51a7&quot;&gt;
      &lt;clocks type=&quot;sto.Timer&quot; uuid=&quot;f5757a47-d92e-4ece-b773-517667f7999d&quot;&gt;
        &lt;clockTickConstraint&gt;PeriodicWithFixedResolution&lt;/clockTickConstraint&gt;
        &lt;computedFundamentalDiscretePeriod&gt;.01&lt;/computedFundamentalDiscretePeriod&gt;
        &lt;fastestDiscreteRate type=&quot;sto.ClassicPeriodicDiscreteRate&quot; uuid=&quot;1d64391d-f9ec-479f-90bc-e49ec2a2c36c&quot;/&gt;
        &lt;isDefaultTimer&gt;true&lt;/isDefaultTimer&gt;
        &lt;resolution&gt;.01&lt;/resolution&gt;
        &lt;timeAdvanceMode&gt;FixedStep&lt;/timeAdvanceMode&gt;
        &lt;identifier&gt;c_code_MR100::defaultTimer&lt;/identifier&gt;
        &lt;rates type=&quot;sto.ContinuousRate&quot; uuid=&quot;09e882e7-b00f-4479-ab99-8e4c122bfc01&quot;&gt;
          &lt;annotation&gt;Cont&lt;/annotation&gt;
          &lt;clockId&gt;c_code_MR100::defaultTimer&lt;/clockId&gt;
          &lt;description&gt;连续&lt;/description&gt;
          &lt;taskId&gt;_task0&lt;/taskId&gt;
          &lt;rateSpec type=&quot;sto.RateSpec&quot; uuid=&quot;f833b054-acf7-4f7d-9c1e-e59a4d5701de&quot;/&gt;
        &lt;/rates&gt;
        &lt;rates type=&quot;sto.ClassicPeriodicDiscreteRate&quot; uuid=&quot;1d64391d-f9ec-479f-90bc-e49ec2a2c36c&quot;&gt;
          &lt;annotation&gt;D1&lt;/annotation&gt;
          &lt;clockId&gt;c_code_MR100::defaultTimer&lt;/clockId&gt;
          &lt;colorIndex&gt;2&lt;/colorIndex&gt;
          &lt;description&gt;离散 1&lt;/description&gt;
          &lt;rateIdx&gt;1&lt;/rateIdx&gt;
          &lt;taskId&gt;_task0&lt;/taskId&gt;
          &lt;rateSpec type=&quot;sto.RateSpec&quot; uuid=&quot;1d2850d0-5b7f-405f-94ac-0a5b57344dfb&quot;&gt;
            &lt;period&gt;.01&lt;/period&gt;
            &lt;rateType&gt;ClassicPeriodicDiscrete&lt;/rateType&gt;
          &lt;/rateSpec&gt;
        &lt;/rates&gt;
        &lt;baseRate type=&quot;sto.ContinuousRate&quot; uuid=&quot;35565210-3770-418c-8cc7-59cdf77deb28&quot;&gt;
          &lt;annotation&gt;Cont&lt;/annotation&gt;
          &lt;clockId&gt;c_code_MR100::defaultTimer&lt;/clockId&gt;
          &lt;description&gt;连续&lt;/description&gt;
          &lt;taskId&gt;_task0&lt;/taskId&gt;
          &lt;rateSpec type=&quot;sto.RateSpec&quot; uuid=&quot;b508d009-a991-4ec3-89d2-045d00964b1a&quot;/&gt;
        &lt;/baseRate&gt;
      &lt;/clocks&gt;
      &lt;clocks type=&quot;sto.Event&quot; uuid=&quot;86e57ffc-7210-4b44-ba65-4ebdcf2cb356&quot;&gt;
        &lt;eventType&gt;PARAMETER_CHANGE_EVENT&lt;/eventType&gt;
        &lt;cNum&gt;1&lt;/cNum&gt;
        &lt;clockType&gt;Event&lt;/clockType&gt;
        &lt;identifier&gt;ParameterChangeEvent&lt;/identifier&gt;
        &lt;rates type=&quot;sto.ModelWideEventRate&quot; uuid=&quot;286557b0-45ff-4c71-a65a-7c013071b155&quot;&gt;
          &lt;clockId&gt;ParameterChangeEvent&lt;/clockId&gt;
          &lt;rateIdx&gt;-1&lt;/rateIdx&gt;
          &lt;taskId&gt;ModelWideParameterChangeEvent&lt;/taskId&gt;
          &lt;useForExecution&gt;NotForExecution&lt;/useForExecution&gt;
          &lt;rateSpec type=&quot;sto.RateSpec&quot; uuid=&quot;5a34a58d-91bf-4ade-ae1c-0b2d636bc50f&quot;&gt;
            &lt;period&gt;inf&lt;/period&gt;
            &lt;rateType&gt;ModelWideParameterChangeEvent&lt;/rateType&gt;
          &lt;/rateSpec&gt;
        &lt;/rates&gt;
      &lt;/clocks&gt;
      &lt;timeAdvanceMode&gt;FixedStep&lt;/timeAdvanceMode&gt;
    &lt;/clockRegistry&gt;
    &lt;taskRegistry type=&quot;sto.TaskRegistry&quot; uuid=&quot;f691a7f6-968a-4f8f-ac78-357bf32539d3&quot;&gt;
      &lt;rootTaskHierarchyElements type=&quot;sto.Task&quot; uuid=&quot;8a7d52f7-9543-49de-bacb-8561e2c7388f&quot;&gt;
        &lt;isExplicit&gt;true&lt;/isExplicit&gt;
        &lt;rates type=&quot;sto.ModelWideEventRate&quot; uuid=&quot;d3c3b2fe-05b9-40f5-beb2-7da281ac2992&quot;&gt;
          &lt;clockId&gt;ParameterChangeEvent&lt;/clockId&gt;
          &lt;rateIdx&gt;-1&lt;/rateIdx&gt;
          &lt;taskId&gt;ModelWideParameterChangeEvent&lt;/taskId&gt;
          &lt;useForExecution&gt;NotForExecution&lt;/useForExecution&gt;
          &lt;rateSpec type=&quot;sto.RateSpec&quot; uuid=&quot;4915435c-0b49-4123-bdf3-445c6c6fd579&quot;&gt;
            &lt;period&gt;inf&lt;/period&gt;
            &lt;rateType&gt;ModelWideParameterChangeEvent&lt;/rateType&gt;
          &lt;/rateSpec&gt;
        &lt;/rates&gt;
        &lt;schedulingClockId&gt;ParameterChangeEvent&lt;/schedulingClockId&gt;
        &lt;timeKeeperClockId&gt;c_code_MR100::defaultTimer&lt;/timeKeeperClockId&gt;
        &lt;elementType&gt;Task&lt;/elementType&gt;
        &lt;identifier&gt;ModelWideParameterChangeEvent&lt;/identifier&gt;
        &lt;priority&gt;-1&lt;/priority&gt;
      &lt;/rootTaskHierarchyElements&gt;
      &lt;rootTaskHierarchyElements type=&quot;sto.Task&quot; uuid=&quot;a6dd7ca8-6509-4331-b51c-24c2943be092&quot;&gt;
        &lt;isExecutable&gt;true&lt;/isExecutable&gt;
        &lt;orderIndex&gt;1&lt;/orderIndex&gt;
        &lt;rates type=&quot;sto.ContinuousRate&quot; uuid=&quot;13cbc928-fa65-4abc-a46e-736258c29baf&quot;&gt;
          &lt;annotation&gt;Cont&lt;/annotation&gt;
          &lt;clockId&gt;c_code_MR100::defaultTimer&lt;/clockId&gt;
          &lt;description&gt;连续&lt;/description&gt;
          &lt;taskId&gt;_task0&lt;/taskId&gt;
          &lt;rateSpec type=&quot;sto.RateSpec&quot; uuid=&quot;fe0966e2-2afd-438e-9908-8d8ec1249543&quot;/&gt;
        &lt;/rates&gt;
        &lt;rates type=&quot;sto.ClassicPeriodicDiscreteRate&quot; uuid=&quot;e364bfaa-ec53-44ff-a390-deb6b7bddd52&quot;&gt;
          &lt;annotation&gt;D1&lt;/annotation&gt;
          &lt;clockId&gt;c_code_MR100::defaultTimer&lt;/clockId&gt;
          &lt;colorIndex&gt;2&lt;/colorIndex&gt;
          &lt;description&gt;离散 1&lt;/description&gt;
          &lt;rateIdx&gt;1&lt;/rateIdx&gt;
          &lt;taskId&gt;_task0&lt;/taskId&gt;
          &lt;rateSpec type=&quot;sto.RateSpec&quot; uuid=&quot;30fb3a08-cc1d-4a1c-b925-00aacf5bff06&quot;&gt;
            &lt;period&gt;.01&lt;/period&gt;
            &lt;rateType&gt;ClassicPeriodicDiscrete&lt;/rateType&gt;
          &lt;/rateSpec&gt;
        &lt;/rates&gt;
        &lt;schedulingClockId&gt;c_code_MR100::defaultTimer&lt;/schedulingClockId&gt;
        &lt;timeKeeperClockId&gt;c_code_MR100::defaultTimer&lt;/timeKeeperClockId&gt;
        &lt;elementType&gt;Task&lt;/elementType&gt;
        &lt;identifier&gt;_task0&lt;/identifier&gt;
        &lt;priority&gt;40&lt;/priority&gt;
      &lt;/rootTaskHierarchyElements&gt;
      &lt;taskDependencyGraph type=&quot;sto.SerializedTaskConnectionList&quot; uuid=&quot;02cf227c-34e0-4dcc-a247-001299d26773&quot;&gt;
        &lt;clockIdentifier&gt;c_code_MR100::defaultTimer&lt;/clockIdentifier&gt;
        &lt;taskIdentifier&gt;_task0&lt;/taskIdentifier&gt;
      &lt;/taskDependencyGraph&gt;
      &lt;taskDependencyGraph type=&quot;sto.SerializedTaskConnectionList&quot; uuid=&quot;6160a03a-bc17-49cf-adc3-a07683161d75&quot;&gt;
        &lt;clockIdentifier&gt;ParameterChangeEvent&lt;/clockIdentifier&gt;
        &lt;taskIdentifier&gt;ModelWideParameterChangeEvent&lt;/taskIdentifier&gt;
      &lt;/taskDependencyGraph&gt;
      &lt;taskPriorityDirection&gt;HighNumberLast&lt;/taskPriorityDirection&gt;
    &lt;/taskRegistry&gt;
  &lt;/sto.Registry&gt;
&lt;/slexec_sto&gt;</timingAndTaskingRegistry>
    <zeroInternalMemoryAtStartupUnchecked>true</zeroInternalMemoryAtStartupUnchecked>
    <FMUBlockMap type="ModelRefInfoRepo.FMUBlockInfo" uuid="e05dc098-b1c1-4100-a358-3ca8da6f2038"/>
    <codeGenInfo type="ModelRefInfoRepo.CodeGenInformation" uuid="56cc4c20-8145-4990-9077-958b4fcc553f"/>
    <compiledVariantInfos type="ModelRefInfoRepo.CompiledVariantInfoMap" uuid="53623bc8-501c-45d5-bef0-fc5648279c8d"/>
    <configSettingsForConsistencyChecks type="ModelRefInfoRepo.ConfigSettingsForConsistencyChecks" uuid="0545cd8f-49be-4256-b692-0e323da4db1b">
      <consistentOutportInitialization>true</consistentOutportInitialization>
      <fixedStepSize>.01</fixedStepSize>
      <frameDiagnosticSetting>2</frameDiagnosticSetting>
      <hasHybridSampleTime>true</hasHybridSampleTime>
      <optimizedInitCode>true</optimizedInitCode>
      <signalLoggingSaveFormat>2</signalLoggingSaveFormat>
      <simSIMDOptimization>1</simSIMDOptimization>
      <solverName>FixedStepDiscrete</solverName>
      <solverType>SOLVER_TYPE_FIXEDSTEP</solverType>
      <useDivForNetSlopComp>2</useDivForNetSlopComp>
      <hardwareSettings type="ModelRefInfoRepo.HardwareSettings" uuid="4a8de53f-0be2-4300-845c-56251e530927">
        <prodBitPerChar>8</prodBitPerChar>
        <prodBitPerDouble>64</prodBitPerDouble>
        <prodBitPerFloat>32</prodBitPerFloat>
        <prodBitPerInt>16</prodBitPerInt>
        <prodBitPerLong>32</prodBitPerLong>
        <prodBitPerLongLong>64</prodBitPerLongLong>
        <prodBitPerPointer>16</prodBitPerPointer>
        <prodBitPerPtrDiffT>16</prodBitPerPtrDiffT>
        <prodBitPerShort>16</prodBitPerShort>
        <prodBitPerSizeT>16</prodBitPerSizeT>
        <prodEndianess>1</prodEndianess>
        <prodLargestAtomicFloat>2</prodLargestAtomicFloat>
        <prodLongLongMode>true</prodLongLongMode>
        <prodShiftRight>true</prodShiftRight>
        <prodWordSize>16</prodWordSize>
      </hardwareSettings>
    </configSettingsForConsistencyChecks>
    <controllableInputRatesMap type="ModelRefInfoRepo.VarTsUIDMap" uuid="bd796b90-38e0-4dc0-befe-107df1915645"/>
    <controllableOutputRatesMap type="ModelRefInfoRepo.VarTsUIDMap" uuid="9614fe0d-2270-497f-8100-cfebaa0d6d01"/>
    <dataPortGroup type="ModelRefInfoRepo.DataPortGroup" uuid="9e288066-363b-491d-a594-2e913a6c0b11">
      <compDataOutputPorts>0</compDataOutputPorts>
      <compDataOutputPorts>1</compDataOutputPorts>
      <compDataOutputPorts>2</compDataOutputPorts>
      <compDataOutputPorts>3</compDataOutputPorts>
      <compDataOutputPorts>4</compDataOutputPorts>
      <compDataOutputPorts>5</compDataOutputPorts>
      <compDataOutputPorts>6</compDataOutputPorts>
      <compDataOutputPorts>7</compDataOutputPorts>
      <compDataOutputPorts>8</compDataOutputPorts>
      <compDataOutputPorts>9</compDataOutputPorts>
      <compDataOutputPorts>10</compDataOutputPorts>
      <compDataOutputPorts>11</compDataOutputPorts>
      <dataOutputPorts>0</dataOutputPorts>
      <dataOutputPorts>1</dataOutputPorts>
      <dataOutputPorts>2</dataOutputPorts>
      <dataOutputPorts>3</dataOutputPorts>
      <dataOutputPorts>4</dataOutputPorts>
      <dataOutputPorts>5</dataOutputPorts>
      <dataOutputPorts>6</dataOutputPorts>
      <dataOutputPorts>7</dataOutputPorts>
      <dataOutputPorts>8</dataOutputPorts>
      <dataOutputPorts>9</dataOutputPorts>
      <dataOutputPorts>10</dataOutputPorts>
      <dataOutputPorts>11</dataOutputPorts>
    </dataPortGroup>
    <expFcnUnconnectedDataPortGroup type="ModelRefInfoRepo.DataPortGroup" uuid="35c3eec9-98ea-4b25-a06a-b625b51a8781"/>
    <interfaceParameterInfo type="ModelRefInfoRepo.InterfaceParameterInfo" uuid="a4928e5a-d7da-4b26-8d88-f2e838f15cad"/>
    <messageInfo type="ModelRefInfoRepo.MessageInformation" uuid="0e52b8f6-6a4a-4f2c-ac88-25542edadf96"/>
    <methodInfo type="ModelRefInfoRepo.MethodExistenceInfo" uuid="cc962b89-516e-4817-9581-8b541e394d45">
      <hasSystemInitializeMethod>true</hasSystemInitializeMethod>
      <hasSystemResetMethod>true</hasSystemResetMethod>
      <hasTerminateMethod>true</hasTerminateMethod>
    </methodInfo>
    <periodicEventPortUnsupportedBlockInfo type="ModelRefInfoRepo.PeriodicEventPortUnsupportedBlockInfo" uuid="7379b0ac-6d2d-4244-a8f6-b1ae63e2c485">
      <deterministicRTBs>c_code_MR100/Subsystem/Rate Transition2</deterministicRTBs>
    </periodicEventPortUnsupportedBlockInfo>
    <portGroupsRequireSameRate type="ModelRefInfoRepo.PortGroupsRequireSameRate" uuid="48dff19d-58d8-4447-b795-d16f47b3cb72">
      <DSMPortGroups type="ModelRefInfoRepo.NameToPortGroupIdxVectMap" uuid="3c0847b1-1f2d-4e5f-bef0-c45077066778"/>
      <GlobalDSMPortGroups type="ModelRefInfoRepo.NameToPortGroupIdxVectMap" uuid="91b4beaa-77c3-4b78-957d-dbe8f4537375"/>
      <mergedPortGroups type="ModelRefInfoRepo.NameToPortGroupIdxVectMap" uuid="d976de32-6564-4f7d-a6bf-a6222513bb1f"/>
    </portGroupsRequireSameRate>
    <rateBasedMdlGlobalDSMRateSpec type="ModelRefInfoRepo.GlobalDSMRateSpecMap" uuid="709e5cb2-e58f-4f39-aec3-6aeb8e075277"/>
    <rateSpecOfGlobalDSMAccessedByDescExpFcnMdlMap type="ModelRefInfoRepo.GlobalDSMRateSpecMap" uuid="8e323b52-e48e-4df4-94cd-152255e5ca4c"/>
    <rootBlockDiagramInterface type="ci.Model" uuid="74e2d09c-cc28-43e6-847c-c8d82b42f732">
      <p_RootComponentInterface type="ci.ComponentInterface" uuid="5a23e7b5-3d9c-4d94-a8fa-3449c9db969d">
        <p_Name>c_code_MR100</p_Name>
        <p_OutputPorts type="ci.SignalInterface" uuid="645d2f25-d8d4-49c0-8af1-c76ce6171c69">
          <p_ComputedNumericDimensions>1.0</p_ComputedNumericDimensions>
          <p_ComputedSampleTime>0.0</p_ComputedSampleTime>
          <p_ComputedSampleTime>0.0</p_ComputedSampleTime>
          <p_Name>R_Hip_Yaw</p_Name>
        </p_OutputPorts>
        <p_OutputPorts type="ci.SignalInterface" uuid="36417f75-7ded-4994-8552-3089189d72e5">
          <p_ComputedNumericDimensions>1.0</p_ComputedNumericDimensions>
          <p_ComputedSampleTime>0.0</p_ComputedSampleTime>
          <p_ComputedSampleTime>0.0</p_ComputedSampleTime>
          <p_Name>R_Hip_Roll</p_Name>
        </p_OutputPorts>
        <p_OutputPorts type="ci.SignalInterface" uuid="b48ac82b-cffb-47be-9df7-008a4578d8d2">
          <p_ComputedNumericDimensions>1.0</p_ComputedNumericDimensions>
          <p_ComputedSampleTime>0.0</p_ComputedSampleTime>
          <p_ComputedSampleTime>0.0</p_ComputedSampleTime>
          <p_Name>R_Hip_Pitch</p_Name>
        </p_OutputPorts>
        <p_OutputPorts type="ci.SignalInterface" uuid="7e9e91e6-b87a-4e1f-9278-bd72c519977d">
          <p_ComputedNumericDimensions>1.0</p_ComputedNumericDimensions>
          <p_ComputedSampleTime>0.0</p_ComputedSampleTime>
          <p_ComputedSampleTime>0.0</p_ComputedSampleTime>
          <p_Name>R_knee</p_Name>
        </p_OutputPorts>
        <p_OutputPorts type="ci.SignalInterface" uuid="6d2e69a4-f9d4-458e-8e00-2ebc7929a60c">
          <p_ComputedNumericDimensions>1.0</p_ComputedNumericDimensions>
          <p_ComputedSampleTime>0.0</p_ComputedSampleTime>
          <p_ComputedSampleTime>0.0</p_ComputedSampleTime>
          <p_Name>R_Ankle_Pitch</p_Name>
        </p_OutputPorts>
        <p_OutputPorts type="ci.SignalInterface" uuid="c8ddd352-9d3c-4d76-a9d8-4da4f08d79f4">
          <p_ComputedNumericDimensions>1.0</p_ComputedNumericDimensions>
          <p_ComputedSampleTime>0.0</p_ComputedSampleTime>
          <p_ComputedSampleTime>0.0</p_ComputedSampleTime>
          <p_Name>R_Ankle_Roll</p_Name>
        </p_OutputPorts>
        <p_OutputPorts type="ci.SignalInterface" uuid="1610fdd2-7ba3-49ef-8887-30073751d128">
          <p_ComputedNumericDimensions>1.0</p_ComputedNumericDimensions>
          <p_ComputedSampleTime>0.0</p_ComputedSampleTime>
          <p_ComputedSampleTime>0.0</p_ComputedSampleTime>
          <p_Name>L_Hip_Yaw</p_Name>
        </p_OutputPorts>
        <p_OutputPorts type="ci.SignalInterface" uuid="bfaf5662-9783-4c05-a064-aedc2f222f74">
          <p_ComputedNumericDimensions>1.0</p_ComputedNumericDimensions>
          <p_ComputedSampleTime>0.0</p_ComputedSampleTime>
          <p_ComputedSampleTime>0.0</p_ComputedSampleTime>
          <p_Name>L_Hip_Roll</p_Name>
        </p_OutputPorts>
        <p_OutputPorts type="ci.SignalInterface" uuid="726f6df8-92e7-4238-97ab-f71070f4bff9">
          <p_ComputedNumericDimensions>1.0</p_ComputedNumericDimensions>
          <p_ComputedSampleTime>0.0</p_ComputedSampleTime>
          <p_ComputedSampleTime>0.0</p_ComputedSampleTime>
          <p_Name>L_Hip_Pitch</p_Name>
        </p_OutputPorts>
        <p_OutputPorts type="ci.SignalInterface" uuid="a299be9a-68c4-4646-9336-fe30d2a3a156">
          <p_ComputedNumericDimensions>1.0</p_ComputedNumericDimensions>
          <p_ComputedSampleTime>0.0</p_ComputedSampleTime>
          <p_ComputedSampleTime>0.0</p_ComputedSampleTime>
          <p_Name>L_knee</p_Name>
        </p_OutputPorts>
        <p_OutputPorts type="ci.SignalInterface" uuid="992c0dc3-cf0e-4412-a002-d0bda974c4ee">
          <p_ComputedNumericDimensions>1.0</p_ComputedNumericDimensions>
          <p_ComputedSampleTime>0.0</p_ComputedSampleTime>
          <p_ComputedSampleTime>0.0</p_ComputedSampleTime>
          <p_Name>L_Ankle_Pitch</p_Name>
        </p_OutputPorts>
        <p_OutputPorts type="ci.SignalInterface" uuid="f5c6e4f7-28f2-4aa3-b0c5-238a8a125208">
          <p_ComputedNumericDimensions>1.0</p_ComputedNumericDimensions>
          <p_ComputedSampleTime>0.0</p_ComputedSampleTime>
          <p_ComputedSampleTime>0.0</p_ComputedSampleTime>
          <p_Name>L_Ankle_Roll</p_Name>
        </p_OutputPorts>
        <p_Type>ROOT</p_Type>
      </p_RootComponentInterface>
    </rootBlockDiagramInterface>
    <simulinkFunctions type="ModelRefInfoRepo.SimulinkFunctions" uuid="a19f0cff-c21d-4ec9-9629-d8b1512bf08d">
      <compSimulinkFunctionCatalog></compSimulinkFunctionCatalog>
    </simulinkFunctions>
    <sltpContext type="sltp.mm.core.Context" uuid="eaa72d88-4ee5-416d-b060-e92534399baf">
      <globalData type="sltp.mm.core.GlobalData" uuid="d37b8774-a3c4-4eac-9615-6e42dda05946">
        <dataName>portL_Ankle_Pitch</dataName>
        <type>RootOutport</type>
      </globalData>
      <globalData type="sltp.mm.core.GlobalData" uuid="58790e8b-637d-43da-90ad-58fcb1cf6798">
        <dataName>portL_Ankle_Roll</dataName>
        <type>RootOutport</type>
      </globalData>
      <globalData type="sltp.mm.core.GlobalData" uuid="bd3e8a6b-dce8-457e-b8c4-0268b78029b2">
        <dataName>portL_Hip_Pitch</dataName>
        <type>RootOutport</type>
      </globalData>
      <globalData type="sltp.mm.core.GlobalData" uuid="a15ee1eb-447f-46d4-bab2-2ec67247b589">
        <dataName>portL_Hip_Roll</dataName>
        <type>RootOutport</type>
      </globalData>
      <globalData type="sltp.mm.core.GlobalData" uuid="b27d0c2b-4fb1-402e-acb0-55d1dbf7b594">
        <dataName>portL_Hip_Yaw</dataName>
        <type>RootOutport</type>
      </globalData>
      <globalData type="sltp.mm.core.GlobalData" uuid="4099098f-f276-4109-8b3f-505a75cd9de8">
        <dataName>portL_knee</dataName>
        <type>RootOutport</type>
      </globalData>
      <globalData type="sltp.mm.core.GlobalData" uuid="5e7304ea-11e6-4428-ba58-f14bd0191399">
        <dataName>portR_Ankle_Pitch</dataName>
        <type>RootOutport</type>
      </globalData>
      <globalData type="sltp.mm.core.GlobalData" uuid="1ef51bef-8ac4-4e43-b748-e636a199b705">
        <dataName>portR_Ankle_Roll</dataName>
        <type>RootOutport</type>
      </globalData>
      <globalData type="sltp.mm.core.GlobalData" uuid="24ef48e6-3b6d-47a2-86f4-b94e08cb46e2">
        <dataName>portR_Hip_Pitch</dataName>
        <type>RootOutport</type>
      </globalData>
      <globalData type="sltp.mm.core.GlobalData" uuid="5c85ce36-b0c4-4d76-ada9-fee9b00f8fae">
        <dataName>portR_Hip_Roll</dataName>
        <type>RootOutport</type>
      </globalData>
      <globalData type="sltp.mm.core.GlobalData" uuid="0cd94651-2d30-46bf-a565-5e65726b0094">
        <dataName>portR_Hip_Yaw</dataName>
        <type>RootOutport</type>
      </globalData>
      <globalData type="sltp.mm.core.GlobalData" uuid="d1a42313-f389-4fd2-a6a8-0d3984bd98de">
        <dataName>portR_knee</dataName>
        <type>RootOutport</type>
      </globalData>
      <priorityDirection>HighNumberLast</priorityDirection>
      <defaultEventBehavior type="sltp.mm.core.EventBehavior" uuid="d7ab87b1-5e71-4ca0-9d82-f03c5bd9acc2"/>
      <editorState type="sltp.mm.core.EditorState" uuid="dfddbac0-357d-476b-aee8-f6ce847b5b79">
        <isSynchronized>true</isSynchronized>
        <panelState type="sltp.mm.core.EditorPanelState" uuid="ce5f0e47-f930-4581-a1d3-2284783b58ef"/>
      </editorState>
      <rootTask type="sltp.mm.core.Task" uuid="d68bf30b-f682-4bfc-92a1-8148c2d0e839">
        <context type="sltp.mm.core.Context" uuid="eaa72d88-4ee5-416d-b060-e92534399baf"/>
        <explicit>false</explicit>
        <name>Default</name>
        <priority>-2147483648</priority>
        <subgraph type="sltp.mm.core.Graph" uuid="d49cbe55-bd86-4672-a486-46c034e89138">
          <tasks type="sltp.mm.core.Task" uuid="3096cddf-cc39-4a97-9362-c96408667c31">
            <baseTask>true</baseTask>
            <context type="sltp.mm.core.Context" uuid="eaa72d88-4ee5-416d-b060-e92534399baf"/>
            <explicit>false</explicit>
            <id>1</id>
            <isTimed>true</isTimed>
            <name>Cont</name>
            <priority>40</priority>
            <rates type="sltp.mm.core.Rate" uuid="babd3bbf-03d8-421c-9ce3-8423c62c1fa8">
              <annotation>Cont</annotation>
              <color>255</color>
              <hasBlocks>true</hasBlocks>
              <identifier>Continuous00</identifier>
              <rateIndex>0</rateIndex>
              <rateSpec type="sltp.mm.core.RateSpec">
                <period>0.0</period>
              </rateSpec>
              <sti>0</sti>
            </rates>
            <rates type="sltp.mm.core.Rate" uuid="8f53338f-4aa6-448c-ac26-ea3542b64487">
              <annotation>D1</annotation>
              <color>-436207361</color>
              <hasBlocks>true</hasBlocks>
              <rateIndex>1</rateIndex>
              <rateSpec type="sltp.mm.core.RateSpec">
                <period>.01</period>
              </rateSpec>
              <sti>1</sti>
            </rates>
          </tasks>
        </subgraph>
      </rootTask>
    </sltpContext>
    <stateWriterToOwnerMap type="ModelRefInfoRepo.StateWriterInfo" uuid="31cf374e-61d0-401c-aa5e-92c4f87b87b9"/>
    <stoClientDataRegistry type="sto.ClientDataRegistry" uuid="960cb758-3071-4b4a-966a-255df382237d">
      <dataSets type="sto.ClientClockNamedDataSet" uuid="9136522a-ba0d-4af8-9cd6-8448720ea75d">
        <tag>sltpEvents</tag>
      </dataSets>
      <dataSets type="sto.ClientTaskHierarchyElementNamedDataSet" uuid="a1a94d7c-c6cf-4777-9826-db992d96a8e1">
        <tag>sltpTaskGroups</tag>
      </dataSets>
      <dataSets type="sto.ClientTaskHierarchyElementNamedDataSet" uuid="8301e074-9a89-4768-b094-7d7a11603aa0">
        <dSet type="ModelRefInfoRepo.SltpTaskData" uuid="4cb4e830-ab43-4f2a-9c41-511c1a7d8334"/>
        <tSet type="ModelRefInfoRepo.SltpTaskData" uuid="4cb4e830-ab43-4f2a-9c41-511c1a7d8334">
          <dataName>Cont</dataName>
          <linkedSet type="sto.ClientTaskHierarchyElementNamedDataSet" uuid="8301e074-9a89-4768-b094-7d7a11603aa0"/>
          <id type="sto.TaskHierarchyElementId">
            <clockId>c_code_MR100::defaultTimer</clockId>
            <id>_task0</id>
          </id>
        </tSet>
        <tag>sltpTasks</tag>
      </dataSets>
    </stoClientDataRegistry>
    <varTsUIDMap type="ModelRefInfoRepo.VarTsUIDMap" uuid="ce3d4ed9-1aab-40b4-9ca0-df686cca28a7"/>
  </ModelRefInfoRepo.ModelRefInfoRoot>
</MF0>